use_id,paper_id,dataset_id,reported_names,evaluation_roles,task_families,scheme_ids,design_ids,complete_scheme_count,partial_component_scheme_count,evidence_ids
USE0001,P05927,DS-P05927-PROTOCOL-REPOSITORY,not_reported,not_reported,semantic_inference,SCH0001,DES0001,1,0,EVD1686 | EVD1687 | EVD1688
USE0002,P07480,DS-CROSS-PLATFORM-2017,Cross-Platform,training | test,semantic_inference,SCH0004,DES0240,1,0,EVD0476 | EVD1884
USE0003,P07480,DS-ISCX-VPN-2016,ISCXVPN2016,training | test,semantic_inference,SCH0005,DES0242,1,0,EVD0787 | EVD1886
USE0004,P07480,DS-USTC-TFC-2016,USTC-TFC2016,training | test,other_eligible_fixed_labels,SCH0006,DES0243,1,0,EVD0691 | EVD1887
USE0005,P07480,DS-ISCX-TOR-2016,ISCXTor2016,training | test,semantic_inference,SCH0002,DES0241,1,0,EVD0799 | EVD1885
USE0006,P07480,DS-CIC-IOT-2022,CICIoT2022,training | test,semantic_inference,SCH0003,DES0239,1,0,EVD0605 | EVD1883
USE0007,P11328,DS-ISCX-VPN-2016,not_reported,not_reported,semantic_inference,SCH0010,DES0005,1,0,EVD1689 | EVD1690 | EVD1691
USE0008,P11328,DS-QUIC-2019,not_reported,not_reported,semantic_inference,SCH0008,DES0003,1,0,EVD1689 | EVD1690 | EVD1691
USE0009,P11328,DS-ISCX-TOR-2016,not_reported,not_reported,semantic_inference,SCH0009,DES0004,1,0,EVD1689 | EVD1690 | EVD1691
USE0010,P11328,DS-CIC-IOT-2022,not_reported,not_reported,semantic_inference,SCH0007,DES0002,1,0,EVD1689 | EVD1690 | EVD1691
USE0011,P12361,DS-CIC-IDS-2017,not_reported,not_reported,security_state_classification,SCH0011 | SCH0012 | SCH0013 | SCH0014 | SCH0015 | SCH0016 | SCH0017,DES0006 | DES0007 | DES0008 | DES0009 | DES0010 | DES0011 | DES0012,7,0,EVD1692 | EVD1693 | EVD1694 | EVD1695
USE0012,P12361,DS-UNSW-NB15,not_reported,not_reported,security_state_classification,SCH0018,DES0013,1,0,EVD1692 | EVD1693 | EVD1694 | EVD1695
USE0013,P12435,DS-CROSS-PLATFORM-2017,CrossPlatform | Android | iOS,training | validation | test,semantic_inference,SCH0019 | SCH0023,DES0246 | DES0247,2,0,EVD0471 | EVD1890 | EVD1891
USE0014,P12435,DS-ISCX-VPN-2016,ISCXVPN2016,training | validation | test,semantic_inference,SCH0022,DES0244,1,0,EVD0794 | EVD1888
USE0015,P12435,DS-CIC-IOT-2023,CICIoT2023,training | validation | test,semantic_inference,SCH0021,DES0248,1,0,EVD0554 | EVD1892
USE0016,P12435,DS-ISCX-TOR-2016,ISCXTor2016,training | validation | test,semantic_inference,SCH0020,DES0245,1,0,EVD0574 | EVD1889
USE0017,P13076,DS-ISCX-VPN-2016,ISCX-VPN | ISCX-NonVPN,training | validation | test,semantic_inference,SCH0026 | SCH0028,DES0250 | DES0251,2,0,EVD0520 | EVD1894 | EVD1895
USE0018,P13076,DS-ISCX-TOR-2016,ISCX-Tor | ISCX-NonTor,training | validation | test,semantic_inference,SCH0025 | SCH0027,DES0252 | DES0253,2,0,EVD0697 | EVD1896 | EVD1897
USE0019,P13076,DS-CIC-IOT-2022,CIC-IoT 2022,training | validation | test,semantic_inference,SCH0024,DES0249,1,0,EVD0784 | EVD1893
USE0020,P13883,DS-STRATOSPHERE-CURRENT-MALWARE-2013-2018-BOTECTION,current malware traffic | Stratosphere IPS Project dataset,training | test,security_state_classification,SCH0030,DES0254,0,1,EVD0625 | EVD1696 | EVD1898
USE0021,P13883,DS-CTU-13,CTU-13 | CTU-13 botnet traffic dataset,training | test,security_state_classification,SCH0029,DES0254,0,1,EVD0525 | EVD1696 | EVD1898
USE0022,P13937,DS-KDDCUP-99,not_reported,not_reported,security_state_classification,SCH0031,DES0014,1,0,EVD1697 | EVD1699 | EVD1700
USE0023,P13937,DS-UNSW-NB15,not_reported,not_reported,security_state_classification,SCH0032 | SCH0033 | SCH0034 | SCH0035,DES0014 | DES0015 | DES0016 | DES0017,4,0,EVD1697 | EVD1698 | EVD1699 | EVD1700
USE0024,P13958,DS-P13958-HOMEMOLE,Dataset-Ind | individual-device scenario dataset | Dataset-Noise | noisy scenario dataset,training | validation | test,endpoint_or_platform_identification,SCH0036,DES0255 | DES0256,1,0,EVD0611 | EVD0760 | EVD1899 | EVD1900
USE0025,P14000,DS-P14000-MALPHASE-RESEARCH-SERVERS,Research Server A | Research Server B,training | validation | test,security_state_classification,SCH0040 | SCH0045 | SCH0046 | SCH0049 | SCH0053 | SCH0054,DES0257 | DES0258 | DES0259 | DES0260 | DES0261 | DES0262,0,6,EVD0500 | EVD0655 | EVD1901 | EVD1902 | EVD1903 | EVD1904 | EVD1905 | EVD1906
USE0026,P14000,DS-MALPHASE-VIRUSTOTAL-SANDBOX-PCAPS,malicious traffic dataset | VirusTotal malware PCAPs,training | validation | test,security_state_classification,SCH0037 | SCH0041 | SCH0047 | SCH0048 | SCH0050 | SCH0052,DES0257 | DES0258 | DES0259 | DES0260 | DES0261 | DES0262,6,0,EVD0659 | EVD1901 | EVD1902 | EVD1903 | EVD1904 | EVD1905 | EVD1906
USE0027,P14000,DS-CTU-NORMAL-MALPHASE,CTU normal | Malware Capture Facility Project normal traffic,training | validation | test,security_state_classification,SCH0038 | SCH0039 | SCH0042 | SCH0043 | SCH0044 | SCH0051,DES0257 | DES0258 | DES0259 | DES0260 | DES0261 | DES0262,0,6,EVD0711 | EVD1901 | EVD1902 | EVD1903 | EVD1904 | EVD1905 | EVD1906
USE0028,P14188,DS-P14188-PRIVATE-RELAY-WF-2022,Private Relay website fingerprinting dataset | PR dataset,training | validation | background_open_world | test,semantic_inference,SCH0056 | SCH0058,DES0263 | DES0265,2,0,EVD0586 | EVD1907 | EVD1909
USE0029,P14188,DS-AWF-2017,Tor dataset from Rimmer et al.,training | validation | background_open_world | test,semantic_inference,SCH0055 | SCH0057,DES0264 | DES0266,2,0,EVD0813 | EVD1908 | EVD1910
USE0030,P14255,DS-P14255-CAPSULEFORMER-DAPP-2022,DApp dataset | encrypted DApp traffic dataset,training | validation | test,semantic_inference,SCH0059,DES0267,1,0,EVD0593 | EVD1911
USE0031,P14374,DS-SHAME-ALEXA-2021,SHAME | SHAME dataset,training | test,semantic_inference,SCH0070,DES0271,1,0,EVD0626 | EVD1915
USE0032,P14374,DS-DEEPVC-ALEXA-2019,DeepVC | DeepVC dataset,training | test,semantic_inference,SCH0063,DES0270,1,0,EVD0485 | EVD1914
USE0033,P14374,DS-P14374-WHISPERVOICETRACE,WhiVo Alexa | Alexa dataset | WhiVo Google | Google dataset,training | validation | background_open_world | test,endpoint_or_platform_identification | semantic_inference,SCH0060 | SCH0061 | SCH0062 | SCH0064 | SCH0065 | SCH0066 | SCH0067 | SCH0068 | SCH0069 | SCH0071 | SCH0072,DES0268 | DES0269 | DES0272 | DES0273 | DES0274 | DES0275 | DES0276 | DES0277 | DES0278 | DES0279 | DES0280 | DES0281 | DES0282 | DES0283,11,0,EVD0616 | EVD0670 | EVD1912 | EVD1913 | EVD1916 | EVD1917 | EVD1918 | EVD1919 | EVD1920 | EVD1921 | EVD1922 | EVD1923 | EVD1924 | EVD1925 | EVD1926 | EVD1927
USE0034,P14413,DS-P14413-DKF,Bingbase | DDGbase | DDGdrift,training | validation | background_open_world | test,semantic_inference,SCH0073 | SCH0074 | SCH0075,DES0284 | DES0285 | DES0286,3,0,EVD0512 | EVD0543 | EVD0561 | EVD0637 | EVD1928 | EVD1929 | EVD1930 | EVD1931
USE0035,P14441,DS-CIC-ANDMAL-2017,not_reported,not_reported,security_state_classification,SCH0076,DES0018,1,0,EVD1701 | EVD1702 | EVD1703 | EVD1704
USE0036,P14441,DS-P14441-ZOOBAZAAR2024,not_reported,not_reported,security_state_classification,SCH0077,DES0019,1,0,EVD1701 | EVD1702 | EVD1703 | EVD1704
USE0037,P14774,DS-CROSS-PLATFORM-2017,Cross Platform,training | validation | test,endpoint_or_platform_identification,SCH0080,DES0293,1,0,EVD0479 | EVD1939 | EVD1940
USE0038,P14774,DS-ISCX-VPN-2016,netML Non-VPN | ISCX VPN-nonVPN,training | validation | test,semantic_inference,SCH0078 | SCH0082 | SCH0084,DES0290 | DES0295 | DES0296,3,0,EVD0713 | EVD1935 | EVD1936 | EVD1942 | EVD1943 | EVD1944 | EVD1945
USE0039,P14774,DS-NETWORK-DEVICE-DATASET-HOLLAND-2020,Network Device Dataset,training | validation | test,endpoint_or_platform_identification,SCH0086,DES0287,1,0,EVD0743 | EVD1932
USE0040,P14774,DS-STREAMING-VIDEO-PROVIDERS-BRONZINO-2019,Streaming Video Providers,training | validation | test,semantic_inference,SCH0083,DES0292,1,0,EVD0596 | EVD1938
USE0041,P14774,DS-STRATOSPHERE-IOT-MALWARE-NETML,netML IoT | IoT malware | Stratosphere Malware Capture Facility Project,training | validation | test,security_state_classification,SCH0085,DES0291,1,0,EVD0578 | EVD1937
USE0042,P14774,DS-CIC-IDS-2017,CICIDS2017 | netML CICIDS2017,training | validation | test,endpoint_or_platform_identification | security_state_classification,SCH0079 | SCH0081 | SCH0087,DES0288 | DES0294 | DES0297,3,0,EVD0668 | EVD1933 | EVD1941 | EVD1946 | EVD1947
USE0043,P14955,DS-P14955-TOR-MALWARE-ZERODAY-2021,not_reported,not_reported,security_state_classification,SCH0090,DES0022,1,0,EVD1708
USE0044,P14955,DS-P14955-TOR-MALWARE-INITIAL-2021,not_reported,not_reported,security_state_classification,SCH0088,DES0020 | DES0021 | DES0022,1,0,EVD1705 | EVD1706 | EVD1707 | EVD1708 | EVD1709
USE0045,P14955,DS-ISCX-TOR-2016,not_reported,not_reported,security_state_classification,SCH0089,DES0020 | DES0021,0,1,EVD1706 | EVD1707
USE0046,P15385,DS-AWF-2017,AWF | AWF1 | AWF2 | AWF-attack | AWF-pre-training | AWF-OW10k | AWF-OW50k | AWF-OW100k,training | validation | calibration | background_open_world | test,semantic_inference,SCH0092 | SCH0093 | SCH0094,DES0298 | DES0299 | DES0300 | DES0303,3,0,EVD0790 | EVD1948 | EVD1949 | EVD1950 | EVD1954
USE0047,P15385,DS-P15385-REALISTIC-WF-DRIFT-2023,Drift dataset | Drift,training | validation | calibration | background_open_world | test,semantic_inference,SCH0091 | SCH0095,DES0301 | DES0302 | DES0304,2,0,EVD0726 | EVD1951 | EVD1952 | EVD1953 | EVD1955 | EVD1956
USE0048,P15558,DS-CIC-DDOS-2019,not_reported,not_reported,security_state_classification,SCH0098,DES0025,1,0,EVD1710 | EVD1711 | EVD1712 | EVD1714
USE0049,P15558,DS-KITSUNE-SSDP-FLOOD,not_reported,not_reported,security_state_classification,SCH0106,DES0033,1,0,EVD1710 | EVD1711 | EVD1712 | EVD1714
USE0050,P15558,DS-P15558-INSTITUTIONAL-2024,not_reported,not_reported,security_state_classification,SCH0099,DES0026,1,0,EVD1713
USE0051,P15558,DS-NETBEACON-TRAFFIC,not_reported,not_reported,security_state_classification,SCH0107,DES0034,1,0,EVD1710 | EVD1711 | EVD1712 | EVD1714
USE0052,P15558,DS-HYPERVISION,not_reported,not_reported,security_state_classification,SCH0100 | SCH0101 | SCH0102 | SCH0103 | SCH0104 | SCH0105,DES0026 | DES0027 | DES0028 | DES0029 | DES0030 | DES0031 | DES0032,6,0,EVD1710 | EVD1711 | EVD1712 | EVD1714
USE0053,P15558,DS-CIC-IDS-2017,not_reported,not_reported,security_state_classification,SCH0096,DES0023,1,0,EVD1710 | EVD1711 | EVD1712 | EVD1714
USE0054,P15558,DS-WHISPER-MALICIOUS-TRAFFIC,not_reported,not_reported,security_state_classification,SCH0108,DES0035,1,0,EVD1710 | EVD1711 | EVD1712 | EVD1714
USE0055,P15558,DS-CSE-CIC-IDS-2018,not_reported,not_reported,security_state_classification,SCH0097,DES0024,1,0,EVD1710 | EVD1711 | EVD1712 | EVD1714
USE0056,P15762,DS-P15762-STDA-DARKWEB,dark web dataset August 2023 | Dark Web 2023 | dark web dataset April 2024 | Dark Web 2024,training | validation | test,semantic_inference,SCH0109,DES0306,1,0,EVD0527 | EVD0609 | EVD1958
USE0057,P15762,DS-DF-2017,Alexa-top dataset | DF dataset | Walkie-Talkie dataset | WT dataset,training | validation | background_open_world | test,semantic_inference,SCH0110,DES0305,1,0,EVD0459 | EVD0769 | EVD1957
USE0058,P16004,DS-MAWI,not_reported,not_reported,security_state_classification,SCH0114,DES0036,0,1,EVD1636 | EVD1716
USE0059,P16004,DS-CIC-DDOS-2019,not_reported,not_reported,security_state_classification,SCH0111,DES0036,0,1,EVD1636 | EVD1716
USE0060,P16004,DS-P16004-CSP,not_reported,not_reported,security_state_classification,SCH0113,DES0038,1,0,EVD1638 | EVD1715
USE0061,P16004,DS-P16004-TIER1-ISP,not_reported,not_reported,security_state_classification,SCH0112,DES0037,1,0,EVD1637 | EVD1717
USE0062,P16071,DS-DATACON-2021-ENCRYPTED-PROXY,not_reported,not_reported,semantic_inference,SCH0118 | SCH0119,DES0042 | DES0043,2,0,EVD1718 | EVD1720 | EVD1721
USE0063,P16071,DS-DATACON-2020-ENCRYPTED-MALWARE,not_reported,not_reported,security_state_classification,SCH0117,DES0041,1,0,EVD1718 | EVD1720 | EVD1721
USE0064,P16071,DS-CSTNET-TLS13-2021,not_reported,not_reported,semantic_inference,SCH0116,DES0040,1,0,EVD1718 | EVD1720 | EVD1721
USE0065,P16071,DS-P17818-FLOWPRINT-BROWSER-SELF-COLLECTED,not_reported,not_reported,semantic_inference,SCH0115,DES0039,1,0,EVD1718 | EVD1720 | EVD1721
USE0066,P16071,DS-NUDT-MOBILETRAFFIC-2020,not_reported,not_reported,semantic_inference,SCH0120,DES0044,1,0,EVD1718 | EVD1720 | EVD1721
USE0067,P16192,DS-P16192-SELFDEPLOY25S,not_reported,not_reported,endpoint_or_platform_identification,SCH0125,DES0051 | DES0052,1,0,EVD1723 | EVD1724 | EVD1725 | EVD1726 | EVD1728
USE0068,P16192,DS-P16192-360COMPANY23,not_reported,not_reported,endpoint_or_platform_identification,SCH0122,DES0046,1,0,EVD1723 | EVD1724 | EVD1725 | EVD1726 | EVD1728
USE0069,P16192,DS-P16192-SELFDEPLOY25,not_reported,not_reported,endpoint_or_platform_identification,SCH0124,DES0049 | DES0050,1,0,EVD1723 | EVD1724 | EVD1725 | EVD1726 | EVD1728
USE0070,P16192,DS-P16192-SELFDEPLOY24,not_reported,not_reported,endpoint_or_platform_identification,SCH0123,DES0047 | DES0048,1,0,EVD1723 | EVD1724 | EVD1725 | EVD1726 | EVD1728
USE0071,P16192,DS-P16192-WEBRAY,not_reported,not_reported,endpoint_or_platform_identification,SCH0126,DES0053,1,0,EVD1723 | EVD1724 | EVD1725 | EVD1726 | EVD1728
USE0072,P16192,DS-P16192-360COMPANY22,not_reported,not_reported,endpoint_or_platform_identification,SCH0121,DES0045,1,0,EVD1723 | EVD1724 | EVD1725 | EVD1726 | EVD1728
USE0073,P16208,DS-CIC-DDOS-2019,not_reported,not_reported,security_state_classification,SCH0127,DES0054 | DES0055,1,0,EVD1732 | EVD1734
USE0074,P16208,DS-IOT-23,not_reported,not_reported,security_state_classification,SCH0131,DES0062 | DES0063,1,0,EVD1732 | EVD1733 | EVD1734
USE0075,P16208,DS-P16208-SISTAR-IPERF-HPING3,not_reported,not_reported,security_state_classification,SCH0132,DES0064,1,0,EVD1735 | EVD1736
USE0076,P16208,DS-CIC-IOT-2023,not_reported,not_reported,security_state_classification,SCH0130,DES0060 | DES0061,1,0,EVD1732 | EVD1734
USE0077,P16208,DS-CIC-IDS-2017,not_reported,not_reported,security_state_classification,SCH0128,DES0056 | DES0057,1,0,EVD1730 | EVD1732 | EVD1734
USE0078,P16208,DS-UNSW-NB15,not_reported,not_reported,security_state_classification,SCH0133,DES0065 | DES0066,1,0,EVD1732 | EVD1734
USE0079,P16208,DS-CSE-CIC-IDS-2018,not_reported,not_reported,security_state_classification,SCH0129,DES0058 | DES0059,1,0,EVD1732 | EVD1734
USE0080,P16217,DS-WANG-WF-2014,Wang dataset,training | validation | test,semantic_inference,SCH0135 | SCH0138,DES0310 | DES0311,2,0,EVD0776 | EVD1962 | EVD1963
USE0081,P16217,DS-P16217-SWALLOW,D1 | D2 | D3 | D4 | D5 | D6 | D7 | D8,training | validation | background_open_world | test,semantic_inference,SCH0136,DES0307 | DES0308 | DES0309,1,0,EVD0464 | EVD0501 | EVD0565 | EVD0580 | EVD0632 | EVD0647 | EVD0701 | EVD0709 | EVD1959 | EVD1960 | EVD1961
USE0082,P16217,DS-DF-2017,DF dataset,training | validation | test,semantic_inference,SCH0134 | SCH0137,DES0310 | DES0311,2,0,EVD0519 | EVD1962 | EVD1963
USE0083,P16247,DS-P16247-TOR-ALL-2024,Tor-ALL,training | validation | test,semantic_inference,SCH0140,DES0325,1,0,EVD0603 | EVD1977
USE0084,P16247,DS-NUDT-MOBILETRAFFIC-2020,Application-Host,training | validation | test,semantic_inference,SCH0142,DES0312,1,0,EVD0535 | EVD1964
USE0085,P16247,DS-P16247-APPLICATION-ALL-2024,Application-ALL,training | validation | test,semantic_inference,SCH0139,DES0315 | DES0317 | DES0319 | DES0321 | DES0323,1,0,EVD0488 | EVD1967 | EVD1969 | EVD1971 | EVD1973 | EVD1975
USE0086,P16247,DS-DF-2017,Tor-Obfuscation,training | validation | test,semantic_inference,SCH0143,DES0316,1,0,EVD0529 | EVD1968
USE0087,P16248,DS-CIRA-CIC-DOHBRW-2020,not_reported,not_reported,security_state_classification,SCH0149,DES0072,1,0,EVD1738 | EVD1739 | EVD1740 | EVD1741
USE0088,P16248,DS-CIC-ANDMAL-2017,not_reported,not_reported,security_state_classification,SCH0144,DES0067,1,0,EVD1738 | EVD1739 | EVD1740 | EVD1741
USE0089,P16248,DS-CIC-DDOS-2019,not_reported,not_reported,security_state_classification,SCH0148,DES0071,1,0,EVD1738 | EVD1739 | EVD1740 | EVD1741
USE0090,P16248,DS-KITSUNE-SSDP-FLOOD,not_reported,not_reported,security_state_classification,SCH0156,DES0079,1,0,EVD1738 | EVD1739 | EVD1740 | EVD1741
USE0091,P16248,DS-CTU-13,not_reported,not_reported,security_state_classification,SCH0147,DES0070,1,0,EVD1738 | EVD1739 | EVD1740 | EVD1741
USE0092,P16248,DS-NETBEACON-TRAFFIC,not_reported,not_reported,security_state_classification,SCH0157,DES0080,1,0,EVD1738 | EVD1739 | EVD1740 | EVD1741
USE0093,P16248,DS-CIC-IOT-2023,not_reported,not_reported,security_state_classification,SCH0155,DES0078,1,0,EVD1738 | EVD1739 | EVD1740 | EVD1741
USE0094,P16248,DS-HYPERVISION,not_reported,not_reported,security_state_classification,SCH0150 | SCH0151 | SCH0152 | SCH0153 | SCH0154,DES0073 | DES0074 | DES0075 | DES0076 | DES0077,5,0,EVD1738 | EVD1739 | EVD1740 | EVD1741
USE0095,P16248,DS-CIC-IDS-2017,not_reported,not_reported,security_state_classification,SCH0145,DES0068,1,0,EVD1738 | EVD1739 | EVD1740 | EVD1741
USE0096,P16248,DS-WHISPER-MALICIOUS-TRAFFIC,not_reported,not_reported,security_state_classification,SCH0158,DES0081,1,0,EVD1738 | EVD1739 | EVD1740 | EVD1741
USE0097,P16248,DS-CSE-CIC-IDS-2018,not_reported,not_reported,security_state_classification,SCH0146,DES0069,1,0,EVD1738 | EVD1739 | EVD1740 | EVD1741
USE0098,P16354,DS-P16354-DARKVEC-UNIVERSITY-DARKNET-2021,DarkVec dataset | darknet dataset | 30-day trace,training | validation | test,security_state_classification,SCH0159,DES0326,1,0,EVD0533 | EVD0673 | EVD1978
USE0099,P16398,DS-P16398-FIAT-TESTBED,not_reported,not_reported,security_state_classification,SCH0160,DES0082 | DES0083,1,0,EVD1742 | EVD1743 | EVD1744 | EVD1745
USE0100,P16406,DS-CIC-DDOS-2019,not_reported,not_reported,security_state_classification,SCH0164,DES0084 | DES0086 | DES0091,1,0,EVD1639 | EVD1641 | EVD1646 | EVD1747
USE0101,P16406,DS-CTU-13,not_reported,not_reported,security_state_classification,SCH0165 | SCH0166 | SCH0167 | SCH0168 | SCH0169 | SCH0170,DES0084 | DES0086 | DES0092 | DES0093 | DES0094 | DES0095 | DES0096 | DES0097,6,0,EVD1639 | EVD1641 | EVD1647 | EVD1648 | EVD1649 | EVD1650 | EVD1651 | EVD1652 | EVD1749
USE0102,P16406,DS-KITSUNE,not_reported,not_reported,security_state_classification,SCH0172,DES0085 | DES0087 | DES0099,1,0,EVD1640 | EVD1642 | EVD1654 | EVD1751
USE0103,P16406,DS-IEEE-IOT-INTRUSION,not_reported,not_reported,security_state_classification,SCH0171,DES0085 | DES0087 | DES0098,1,0,EVD1640 | EVD1642 | EVD1653 | EVD1750
USE0104,P16406,DS-AWID3,not_reported,not_reported,security_state_classification,SCH0173,DES0085 | DES0087 | DES0100,1,0,EVD1640 | EVD1642 | EVD1655 | EVD1746
USE0105,P16406,DS-CIC-IDS-2017,not_reported,not_reported,security_state_classification,SCH0161 | SCH0162 | SCH0163,DES0084 | DES0086 | DES0088 | DES0089 | DES0090,3,0,EVD1639 | EVD1641 | EVD1643 | EVD1644 | EVD1645 | EVD1748
USE0106,P16418,DS-P16418-XATU-ISP-2019,not_reported,not_reported,security_state_classification,SCH0174 | SCH0175 | SCH0176 | SCH0177 | SCH0178 | SCH0179,DES0101 | DES0102 | DES0103 | DES0104 | DES0105 | DES0106,6,0,EVD1752 | EVD1756
USE0107,P17056,DS-P17056-LTE-FINGERPRINT,lab-created dataset | lab dataset | Verizon dataset | real-world Verizon traces | AT&T dataset | real-world AT&T traces | T-Mobile dataset | real-world T-Mobile traces,training | validation | test,semantic_inference,SCH0180,DES0331 | DES0332,1,0,EVD0566 | EVD0628 | EVD0797 | EVD0807 | EVD1983 | EVD1984
USE0108,P17148,DS-CIC-IDS-2017,not_reported,not_reported,security_state_classification,SCH0181,DES0107,1,0,EVD1759 | EVD1761 | EVD1762
USE0109,P17148,DS-P17148-EBPF-REPRODUCTION,not_reported,not_reported,security_state_classification,SCH0182,DES0108,1,0,EVD1759 | EVD1760 | EVD1762
USE0110,P17269,DS-MAWI,WIDE benign traffic | MAWI traffic,training | validation | test,security_state_classification,SCH0188,DES0110,0,1,EVD0766 | EVD1763 | EVD1764 | EVD1989
USE0111,P17269,DS-CIC-INVES-ANDMAL-2019,CICInvesAndMal2019 | AndMal2019,training | validation | test,security_state_classification,SCH0186 | SCH0190,DES0109 | DES0333,2,0,EVD0623 | EVD1763 | EVD1764 | EVD1985 | EVD1989
USE0112,P17269,DS-BTU-MALWARE,BTU | BTU-Mobile | BTU-Desktop,training | validation | test,security_state_classification,SCH0184 | SCH0185,DES0335 | DES0336,2,0,EVD0571 | EVD1987 | EVD1988
USE0113,P17269,DS-P17269-P17269-ENTERPRISE-GATEWAY-1DAY,enterprise gateway traffic,test,security_state_classification,SCH0187,DES0109 | DES0110,0,1,EVD0619 | EVD1764 | EVD1989
USE0114,P17269,DS-MALWARE-TRAFFIC-ANALYSIS-NET,MTA malicious samples | Malware-Traffic-Analysis.net,training | validation | test,security_state_classification,SCH0183 | SCH0189,DES0109 | DES0110 | DES0334,1,1,EVD0630 | EVD1763 | EVD1764 | EVD1986 | EVD1989
USE0115,P17323,DS-P42427-FOAP-AUTO,FOAP,training | validation | background_open_world | test,semantic_inference,SCH0191,DES0341,1,0,EVD0767 | EVD1994
USE0116,P17323,DS-NUDT-MOBILETRAFFIC-2020,NUDT MobileTraffic,training | validation | test,semantic_inference,SCH0192,DES0343,1,0,EVD0534 | EVD1996
USE0117,P17323,DS-FG-NET,FG-Net D1 | D1 | FG-Net D2 | D2,training | validation | test,semantic_inference,SCH0193,DES0342,1,0,EVD0610 | EVD0781 | EVD1995
USE0118,P17713,DS-P17713-MULTIMEDIA-NETWORK-TRAFFIC-2025,Multimedia Network Traffic Dataset | Cloud Gaming lab traffic capture dataset,training | validation | test,semantic_inference,SCH0194 | SCH0195,DES0346 | DES0347 | DES0348,2,0,EVD0706 | EVD0771 | EVD1999 | EVD2000 | EVD2001
USE0119,P17818,DS-CROSS-PLATFORM-2017,Cross Platform | Cross-Platform dataset,training | validation | test,semantic_inference,SCH0197 | SCH0200 | SCH0201,DES0353 | DES0358 | DES0360,3,0,EVD0573 | EVD2008 | EVD2013 | EVD2015 | EVD2016
USE0120,P17818,DS-RECON-APPVERSIONS,AppVersions | ReCon | extended ReCon dataset,training | validation | test,semantic_inference,SCH0196 | SCH0203,DES0354 | DES0359,2,0,EVD0723 | EVD2009 | EVD2014
USE0121,P17818,DS-P17818-FLOWPRINT-CROSS-PLATFORM-RECAPTURE-2020,current versions of 31 apps | Cross Platform recollection,test,semantic_inference,SCH0198,DES0360,1,0,EVD0710 | EVD2015 | EVD2016
USE0122,P17818,DS-P17818-FLOWPRINT-BROWSER-SELF-COLLECTED,Browser dataset | browser traffic,training | validation | test,endpoint_or_platform_identification,SCH0202,DES0355,1,0,EVD0614 | EVD2010
USE0123,P17818,DS-ANDRUBIS,Andrubis | Andrubis dataset,training | validation | test,semantic_inference,SCH0199 | SCH0204 | SCH0205,DES0352 | DES0357 | DES0360,2,1,EVD0791 | EVD2007 | EVD2012 | EVD2015 | EVD2016
USE0124,P17899,DS-FACET-COVERT-TRAFFIC,not_reported,not_reported,security_state_classification,SCH0207,DES0112,1,0,EVD1766 | EVD1767 | EVD1768 | EVD1769
USE0125,P17899,DS-PEERRUSH,not_reported,not_reported,security_state_classification,SCH0209,DES0114,1,0,EVD1766 | EVD1767 | EVD1768 | EVD1769
USE0126,P17899,DS-DELTASHAPER-COVERT-TRAFFIC,not_reported,not_reported,security_state_classification,SCH0206,DES0111,1,0,EVD1766 | EVD1767 | EVD1768 | EVD1769
USE0127,P17899,DS-HERRMANN-OPENSSH-WF,not_reported,not_reported,semantic_inference,SCH0208,DES0113,1,0,EVD1766 | EVD1767 | EVD1768 | EVD1769
USE0128,P17951,DS-P17951-OPENSKY-2020,not_reported,not_reported,security_state_classification,SCH0210 | SCH0211 | SCH0212 | SCH0213,DES0115 | DES0116 | DES0117 | DES0118,4,0,EVD1774 | EVD1775 | EVD1776
USE0129,P18011,DS-P18011-MONKEY500,not_reported,not_reported,semantic_inference,SCH0217,DES0119 | DES0123 | DES0124 | DES0125 | DES0126,1,0,EVD1781 | EVD1789
USE0130,P18011,DS-P18011-IUA,not_reported,not_reported,semantic_inference,SCH0215 | SCH0216,DES0120 | DES0121 | DES0122,2,0,EVD1785
USE0131,P18011,DS-P18011-HUMAN100,not_reported,not_reported,semantic_inference,SCH0214,DES0124,1,0,EVD1780 | EVD1781
USE0132,P18222,DS-P18222-ENTERPRISE-2017-2021,not_reported,not_reported,security_state_classification,SCH0218,DES0127,1,0,EVD1791
USE0133,P18348,DS-P18348-IOT-ID,UK Dec-2022 idle | USA Dec-2022 idle | UK Jan-2023 mixed | USA Jan-2023 mixed | UK Mar-2023 mixed | USA Mar-2023 mixed | UK Jun-2023 mixed | USA Jun-2023 mixed | UK Dec-2023 mixed | USA Dec-2023 mixed | UK Feb-2024 active | April-2024 sampling-rate capture,training | validation | test,endpoint_or_platform_identification,SCH0219,DES0361 | DES0362 | DES0363 | DES0364 | DES0365 | DES0366 | DES0367 | DES0368 | DES0369 | DES0370 | DES0371 | DES0372 | DES0373 | DES0374,1,0,EVD0458 | EVD0505 | EVD0558 | EVD0568 | EVD0588 | EVD0656 | EVD0751 | EVD0754 | EVD0761 | EVD0802 | EVD0804 | EVD0806 | EVD2017 | EVD2018 | EVD2019 | EVD2020 | EVD2021 | EVD2022 | EVD2023 | EVD2024 | EVD2025 | EVD2026 | EVD2027 | EVD2028 | EVD2029 | EVD2030 | EVD2031
USE0134,P18385,DS-P39009-CJ-SNIFFER-CRYPTOMINING-2022,not_reported,not_reported,security_state_classification,SCH0220,DES0128,0,1,EVD1793
USE0135,P18385,DS-P18385-IOT-LIGHT,not_reported,not_reported,security_state_classification,SCH0221,DES0128 | DES0129 | DES0130,1,0,EVD1793
USE0136,P18385,DS-P18385-MINESHARK-2023,not_reported,not_reported,security_state_classification,SCH0222,DES0129 | DES0130 | DES0131 | DES0132,1,0,EVD1793 | EVD1798 | EVD1800
USE0137,P26148,DS-KDDCUP-99,not_reported,not_reported,security_state_classification,SCH0227 | SCH0228,DES0137 | DES0138,2,0,EVD1802 | EVD1812 | EVD1813
USE0138,P26148,DS-CTU-13,not_reported,not_reported,security_state_classification,SCH0226,DES0136,1,0,EVD1802 | EVD1812 | EVD1813
USE0139,P26148,DS-ANOSHIFT,not_reported,not_reported,security_state_classification,SCH0223,DES0133,1,0,EVD1802 | EVD1812 | EVD1813
USE0140,P26148,DS-CIC-IDS-2017,not_reported,not_reported,security_state_classification,SCH0224,DES0134,1,0,EVD1802 | EVD1812 | EVD1813
USE0141,P26148,DS-UNSW-NB15,not_reported,not_reported,security_state_classification,SCH0229,DES0139,1,0,EVD1802 | EVD1812 | EVD1813
USE0142,P26148,DS-CSE-CIC-IDS-2018,not_reported,not_reported,security_state_classification,SCH0225,DES0135,1,0,EVD1802 | EVD1812 | EVD1813
USE0143,P35345,DS-CROSS-PLATFORM-2017,CrossPlatform,training | validation | test,semantic_inference,SCH0230,DES0376,1,0,EVD0786 | EVD2033
USE0144,P35345,DS-ISCX-VPN-2016,ISCXVPN2016,training | validation | test,other_eligible_fixed_labels,SCH0233,DES0375,1,0,EVD0789 | EVD2032
USE0145,P35345,DS-USTC-TFC-2016,USTC-TFC2016,training | validation | test,other_eligible_fixed_labels,SCH0232,DES0377,1,0,EVD0465 | EVD2034
USE0146,P35345,DS-MALWARE-TRAFFIC-ANALYSIS-NET,Malware2023,training | validation | test,security_state_classification,SCH0231,DES0378,1,0,EVD0722 | EVD2035
USE0147,P38630,DS-SIVANATHAN-IOT-2018,IoT device dataset | Sivanathan dataset,training | validation | test,endpoint_or_platform_identification,SCH0234,DES0380,1,0,EVD0732 | EVD2037 | EVD2038
USE0148,P38761,DS-ISCX-VPN-2016,ISCXVPN2016 | ISCX-VPN,training | validation | test,semantic_inference,SCH0237,DES0383,1,0,EVD0539 | EVD2041
USE0149,P38761,DS-PEERRUSH,PeerRush,training | validation | test,semantic_inference,SCH0238,DES0384,1,0,EVD0682 | EVD2042
USE0150,P38761,DS-BOT-IOT,BOTIOT | Bot-IoT,training | validation | test,security_state_classification,SCH0236,DES0381,1,0,EVD0528 | EVD2039
USE0151,P38761,DS-CIC-IOT-2022,CICIOT2022 | CICIoT2022,training | validation | test,security_state_classification,SCH0235,DES0382,1,0,EVD0712 | EVD2040
USE0152,P38798,DS-CIC-IDS-2017,CICIDS-2017 | CICIDS2017,training | validation | test,security_state_classification,SCH0240,DES0385,1,0,EVD0504 | EVD2043
USE0153,P38798,DS-UNSW-NB15,UNSW-NB15 | UNSW NB15,training | validation | test,security_state_classification,SCH0239,DES0386,1,0,EVD0678 | EVD2044
USE0154,P38868,DS-SIVANATHAN-IOT-2018,UNSW IoT dataset,training | validation | test,endpoint_or_platform_identification,SCH0241,DES0388,1,0,EVD0462 | EVD0725 | EVD1815 | EVD2046
USE0155,P39009,DS-P39009-CJ-SNIFFER-CRYPTOMINING-2022,collected cryptomining dataset | packet-level cryptomining traffic dataset | CJ-Sniffer Dataset,training | calibration | test,security_state_classification,SCH0243,DES0389,0,1,EVD0762 | EVD0780 | EVD1816 | EVD2047 | EVD2049
USE0156,P39009,DS-P39009-CJ-SNIFFER-CONTRAST-CAMPUS-LAB,contrast network traffic | contrast traffic,background_open_world | test,security_state_classification,SCH0242,DES0389,0,1,EVD0755 | EVD2047 | EVD2048 | EVD2049
USE0157,P39064,DS-CROSS-PLATFORM-2017,Cross-Platform | Cross-platform dataset,test,semantic_inference,SCH0247,DES0397,1,0,EVD0681 | EVD2057
USE0158,P39064,DS-ISCX-VPN-2016,ISCX-VPN-2016 | ISCX VPN-nonVPN,training | validation | test,semantic_inference,SCH0245 | SCH0248,DES0394 | DES0395,2,0,EVD0604 | EVD2054 | EVD2055
USE0159,P39064,DS-USTC-TFC-2016,USTC-TFC-2016,training | validation | test,other_eligible_fixed_labels,SCH0244,DES0393,1,0,EVD0672 | EVD2053
USE0160,P39064,DS-ISCX-TOR-2016,ISCX-Tor-2016 | ISCX Tor-nonTor,training | validation | test,semantic_inference,SCH0249,DES0396,1,0,EVD0600 | EVD2056
USE0161,P39064,DS-CSE-CIC-IDS-2018,CIC-IDS2018,training | validation | test,security_state_classification,SCH0246,DES0392,1,0,EVD0660 | EVD2052
USE0162,P39403,DS-P39403-IXP-BLACKHOLE-2019-2021,not_reported,not_reported,security_state_classification,SCH0250,DES0140 | DES0141 | DES0142 | DES0143,1,0,EVD1825 | EVD1826 | EVD1829
USE0163,P39497,DS-P39497-GGFAST-TRACE-A,A,training | test,semantic_inference,SCH0254,DES0407,1,0,EVD0717 | EVD2067
USE0164,P39497,DS-P39497-GGFAST-TRACE-G,G,training | test,semantic_inference,SCH0255,DES0411 | DES0412,1,0,EVD0699 | EVD2071 | EVD2072
USE0165,P39497,DS-P39497-GGFAST-TRACE-E,E,training | test,semantic_inference,SCH0253,DES0410,1,0,EVD0516 | EVD2070
USE0166,P39497,DS-AUCKLAND-VI-2001,AUCK-VI | AUCK-VI WAND,training | test,semantic_inference,SCH0252,DES0406,1,0,EVD0738 | EVD2066
USE0167,P39497,DS-P39497-GGFAST-TRACE-B,B,training | test,semantic_inference,SCH0256,DES0408,1,0,EVD0498 | EVD2068
USE0168,P39497,DS-P39497-GGFAST-TRACE-D,D,training | test,semantic_inference,SCH0257,DES0409,1,0,EVD0538 | EVD2069
USE0169,P39771,DS-ISCX-VPN-2016,ISCXVPN2016 | ISCXVPN,training | validation | test,semantic_inference,SCH0258,DES0415,1,0,EVD0466 | EVD2075
USE0170,P39771,DS-PEERRUSH,PeerRush,training | validation | test,semantic_inference,SCH0260,DES0413,1,0,EVD0633 | EVD2073
USE0171,P39771,DS-CIC-IOT-2022,CICIOT2022 | CICIOT,training | validation | test,semantic_inference,SCH0259,DES0414,1,0,EVD0514 | EVD2074
USE0172,P39804,DS-ISCX-VPN-2016,ISCX-VPN,training | validation | test,semantic_inference,SCH0262 | SCH0263 | SCH0264,DES0419 | DES0420 | DES0423 | DES0425,3,0,EVD0487 | EVD0734 | EVD1832 | EVD2079 | EVD2080 | EVD2083 | EVD2085
USE0173,P39804,DS-USTC-TFC-2016,USTC-TFC,training | validation | test,semantic_inference,SCH0261,DES0421,1,0,EVD0482 | EVD0507 | EVD2081
USE0174,P40493,DS-P40493-HP-OWF,main data set | undefended dataset | HP-OWF dataset | Wikipedia data set | Wikipedia dataset | different data set | different monitored pages data set | AJAX1 | AJAX2 | LINKS1 | LINKS2 | active-client dataset,training | validation | background_open_world | test,semantic_inference,SCH0265 | SCH0266 | SCH0267,DES0427 | DES0428 | DES0429,3,0,EVD0523 | EVD0532 | EVD0624 | EVD0747 | EVD2087 | EVD2088 | EVD2089 | EVD2090
USE0175,P40572,DS-P40572-RADWARE-BOT-2018-2019,not_reported,not_reported,security_state_classification,SCH0268,DES0144 | DES0145 | DES0146,1,0,EVD1833 | EVD1835 | EVD1838
USE0176,P41311,DS-MAWI,not_reported,not_reported,security_state_classification,SCH0271,DES0147 | DES0148 | DES0149 | DES0150,0,1,EVD1845
USE0177,P41311,DS-CIC-DDOS-2019,not_reported,not_reported,security_state_classification,SCH0270,DES0147 | DES0149 | DES0150,0,1,EVD1850
USE0178,P41311,DS-SUCURI-SSDP-2014,not_reported,not_reported,security_state_classification,SCH0272,DES0147 | DES0149 | DES0150,0,1,EVD1850
USE0179,P41311,DS-BOOTERS-2015,not_reported,not_reported,security_state_classification,SCH0269,DES0147 | DES0149 | DES0150,0,1,EVD1850
USE0180,P41557,DS-WANG-WF-2014,k-NNset,training | validation | test,semantic_inference,SCH0275,DES0431,1,0,EVD0477 | EVD2092
USE0181,P41557,DS-MEI-2023-SINGLE-TAB,newly released 2023 single-tab dataset,test,semantic_inference,SCH0274,DES0432,1,0,EVD0591 | EVD2093
USE0182,P41557,DS-DF-2017,DFset | Walkie-Talkie dataset,training | validation | background_open_world | test,semantic_inference,SCH0273,DES0430,1,0,EVD0453 | EVD0489 | EVD2091
USE0183,P41709,DS-P41709-TUNTIGHT-DEPLOYMENT,not_reported,not_reported,security_state_classification,SCH0276,DES0151,0,1,EVD1852 | EVD1853 | EVD1854
USE0184,P41766,DS-CROSS-PLATFORM-2017,CrossPlatform | Android | iOS,training | validation | test,semantic_inference,SCH0279 | SCH0281,DES0435 | DES0436,2,0,EVD0474 | EVD2096 | EVD2097
USE0185,P41766,DS-ISCX-VPN-2016,ISCXVPN2016,training | validation | test,semantic_inference,SCH0278 | SCH0280,DES0438 | DES0439,2,0,EVD0547 | EVD2099 | EVD2100
USE0186,P41766,DS-USTC-TFC-2016,USTC-TFC2016,training | validation | test,semantic_inference,SCH0277,DES0440,1,0,EVD0530 | EVD2101
USE0187,P42020,DS-P42020-OWL-PUBLIC-WIFI-2019,OWL dataset | broadcast traffic dataset,training | validation | test,endpoint_or_platform_identification,SCH0282 | SCH0283,DES0441 | DES0442,2,0,EVD0490 | EVD2102 | EVD2103
USE0188,P42427,DS-PINGPONG-IOT,not_reported,not_reported,semantic_inference,SCH0289,DES0152,0,1,EVD1656 | EVD1859
USE0189,P42427,DS-P42427-PC-BACKGROUND,not_reported,not_reported,semantic_inference,SCH0288,DES0152,0,1,EVD1656 | EVD1858
USE0190,P42427,DS-P42427-FOAP-AUTO,not_reported,not_reported,semantic_inference,SCH0284 | SCH0285,DES0152 | DES0153 | DES0156 | DES0157,2,0,EVD1656 | EVD1657 | EVD1660 | EVD1661 | EVD1855
USE0191,P42427,DS-P42427-FOAP-HUMAN,not_reported,not_reported,semantic_inference,SCH0286 | SCH0287,DES0154 | DES0155 | DES0156 | DES0157,2,0,EVD1658 | EVD1659 | EVD1660 | EVD1661 | EVD1856
USE0192,P42427,DS-P42427-MOBILE-WEB,not_reported,not_reported,semantic_inference,SCH0290,DES0152,0,1,EVD1656 | EVD1857
USE0193,P42485,DS-P42485-LUMOS,Training Setup | training dataset | Test Office | Office | Test Apartment 1 | Apartment 1 | Test Apartment 2 | Apartment 2 | Test Lab Space | Lab Space-Low | Lab Space-Medium | Lab Space-High,training | validation | test,endpoint_or_platform_identification,SCH0291 | SCH0292,DES0443 | DES0444,2,0,EVD0472 | EVD0542 | EVD0592 | EVD0631 | EVD0652 | EVD0694 | EVD0702 | EVD0735 | EVD0750 | EVD2104 | EVD2105
USE0194,P42512,DS-P42512-ONLINE-WF,top-100 dataset | sampled-1000 dataset | July 2020 exit traffic | genuine traffic | real data | April 2021 online evaluation | synthetic monitored set | synthetic traffic | Phase IV traces | entry/exit traces | synthetic monitored set crawl,training | background_open_world | test,semantic_inference,SCH0293 | SCH0294 | SCH0295,DES0445 | DES0446 | DES0447,3,0,EVD0495 | EVD0594 | EVD0661 | EVD0662 | EVD0686 | EVD2106 | EVD2107 | EVD2108
USE0195,P42516,DS-P42516-MERIT-DEPLOYMENT,not_reported,not_reported,semantic_inference,SCH0296,DES0158,1,0,EVD1662 | EVD1860
USE0196,P42516,DS-P42516-VPN-TUNING,not_reported,not_reported,semantic_inference,SCH0298,DES0158,0,1,EVD1662 | EVD1862
USE0197,P42516,DS-P42516-MERIT-TUNING,not_reported,not_reported,semantic_inference,SCH0297,DES0158,0,1,EVD1662 | EVD1861
USE0198,P42624,DS-P42624-WTW-YOUTUBECA,YouTubeCA,training | validation | test,semantic_inference,SCH0308,DES0453,1,0,EVD0696 | EVD2114
USE0199,P42624,DS-P42624-WTW-NETFLIXDT,NetflixDT,training | validation | test,semantic_inference,SCH0303,DES0454,1,0,EVD0704 | EVD2115
USE0200,P42624,DS-P42624-WTW-NETFLIX,Netflix,training | validation | test,semantic_inference,SCH0304 | SCH0309 | SCH0311,DES0449 | DES0454 | DES0455,2,1,EVD0774 | EVD2110 | EVD2115 | EVD2116
USE0201,P42624,DS-P42624-WTW-WEB,Web,background_open_world | test,semantic_inference,SCH0307,DES0455,0,1,EVD0796 | EVD2116
USE0202,P42624,DS-P42624-WTW-YOUTUBE100,YouTube100,training | validation | test,semantic_inference,SCH0299 | SCH0301 | SCH0302 | SCH0305 | SCH0312,DES0448 | DES0451 | DES0452 | DES0453 | DES0454 | DES0455,3,2,EVD0606 | EVD2109 | EVD2112 | EVD2113 | EVD2114 | EVD2115 | EVD2116
USE0203,P42624,DS-P42624-WTW-TELECONF,Teleconf,background_open_world | test,semantic_inference,SCH0314,DES0455,0,1,EVD0805 | EVD2116
USE0204,P42624,DS-P42624-WTW-AMAZONDT,AmazonDT,training | validation | test,semantic_inference,SCH0313,DES0454,1,0,EVD0748 | EVD2115
USE0205,P42624,DS-P42624-WTW-YOUTUBE200,YouTube200,training | background_open_world | test,semantic_inference,SCH0300 | SCH0306 | SCH0316,DES0451 | DES0454 | DES0455,1,2,EVD0737 | EVD0811 | EVD2112 | EVD2115 | EVD2116
USE0206,P42624,DS-P42624-WTW-AMAZON,Amazon,training | validation | test,semantic_inference,SCH0310 | SCH0315,DES0450 | DES0454,2,0,EVD0522 | EVD2111 | EVD2115
USE0207,P42690,DS-UAV-ACTIVITY-LABAYEN-2020,UAV | UAV dataset,training | validation | test,semantic_inference,SCH0317,DES0456,1,0,EVD0598 | EVD2117
USE0208,P42690,DS-IOT-SENTINEL-2017,IDI | IoT Sentinel dataset,training | validation | test,endpoint_or_platform_identification,SCH0318,DES0459,1,0,EVD0679 | EVD2120
USE0209,P42690,DS-P42690-INPUT-AGNOSTIC-SWF-2020,SWF | Shadowsocks website fingerprinting dataset,training | validation | background_open_world | test,semantic_inference,SCH0319,DES0457 | DES0460 | DES0461,1,0,EVD0742 | EVD2118 | EVD2121 | EVD2122
USE0210,P42933,DS-P42933-LBNL-SSH,not_reported,not_reported,endpoint_or_platform_identification | security_state_classification,SCH0320 | SCH0321,DES0159 | DES0160 | DES0161 | DES0162,2,0,EVD1663 | EVD1664 | EVD1665 | EVD1666 | EVD1863
USE0211,P42933,DS-P42933-LBNL-TELNET,not_reported,not_reported,security_state_classification,SCH0322,DES0163,1,0,EVD1667 | EVD1864
USE0212,P43021,DS-DEEPVC-ALEXA-2019,DeepVC dataset | previous Alexa dataset,training | test,semantic_inference,SCH0324,DES0464,1,0,EVD0518 | EVD2125
USE0213,P43021,DS-P43021-VA-FP,simple_100_alexa | stream_15_alexa | skills_100_alexa | simple_50_google | simple_50_alexa | simple_50_siri | mix_100_alexa | idle traffic | idle dataset | different Alexa and network dataset | cross-device dataset | real-world dataset | user study dataset,training | validation | background_open_world | test,semantic_inference,SCH0323 | SCH0325 | SCH0326 | SCH0327 | SCH0328,DES0465 | DES0466 | DES0467 | DES0468 | DES0469 | DES0470 | DES0471,5,0,EVD0508 | EVD0553 | EVD0582 | EVD0622 | EVD0663 | EVD0690 | EVD0692 | EVD0695 | EVD0707 | EVD0812 | EVD2126 | EVD2127 | EVD2128 | EVD2129 | EVD2130 | EVD2131 | EVD2132
USE0214,P43026,DS-TIKTOK-LIVE-WALKIE-TALKIE-2019,live Tor dataset | Walkie-Talkie dataset,training | validation | background_open_world | test,semantic_inference,SCH0331,DES0473 | DES0475,1,0,EVD0556 | EVD2134 | EVD2136
USE0215,P43026,DS-DF-2017,first dataset | DF dataset | undefended traces,training | validation | background_open_world | test,semantic_inference,SCH0329 | SCH0330,DES0472 | DES0474 | DES0476 | DES0477 | DES0478,2,0,EVD0483 | EVD2133 | EVD2135 | EVD2137 | EVD2138 | EVD2139
USE0216,P43500,DS-P43500-P43500-ALEXA-WSC-HMM,ALEXA-WSC-HMM,test,semantic_inference,SCH0332,DES0481,1,0,EVD0461 | EVD2142
USE0217,P43500,DS-P43500-P43500-ALEXA-WSC-FG,ALEXA-WSC-FG,training | validation | test,semantic_inference,SCH0333 | SCH0335 | SCH0337,DES0479 | DES0481 | DES0482,3,0,EVD0497 | EVD2140 | EVD2142 | EVD2143
USE0218,P43500,DS-P43500-P43500-TRANCO-WSC-FG,TRANCO-WSC-FG,test,semantic_inference,SCH0336,DES0480,1,0,EVD0480 | EVD2141
USE0219,P43500,DS-P43500-P43500-ALEXA-WSC-BG,ALEXA-WSC-BG,background_open_world | test,semantic_inference,SCH0334,DES0482,0,1,EVD0685 | EVD2143
USE0220,P43680,DS-CIRA-CIC-DOHBRW-2020,not_reported,not_reported,security_state_classification,SCH0338,DES0164,1,0,EVD1865 | EVD1869
USE0221,P43680,DS-TII-SSRC-23,not_reported,not_reported,security_state_classification,SCH0339,DES0165,1,0,EVD1865 | EVD1869
USE0222,P43793,DS-P43793-LAB-VALIDATION,not_reported,not_reported,security_state_classification,SCH0342 | SCH0343,DES0167 | DES0168 | DES0170,2,0,EVD1669 | EVD1670 | EVD1672 | EVD1871
USE0223,P43793,DS-P43793-MSAD,not_reported,not_reported,security_state_classification,SCH0344,DES0168 | DES0169,1,0,EVD1670 | EVD1671 | EVD1872
USE0224,P43793,DS-P43793-FBSAD,not_reported,not_reported,security_state_classification,SCH0340 | SCH0341,DES0166 | DES0167 | DES0170,2,0,EVD1668 | EVD1669 | EVD1672 | EVD1870
USE0225,P43907,DS-P43907-SMS-AIT,not_reported,not_reported,security_state_classification,SCH0345 | SCH0346,DES0171 | DES0172,2,0,EVD1673 | EVD1674 | EVD1873
USE0226,P44356,DS-ISCX-VPN-2016,ISCXVPN | ISCX VPN-nonVPN | VPN dataset,training | validation | test,semantic_inference,SCH0348,DES0484 | DES0485 | DES0486,1,0,EVD0810 | EVD2145 | EVD2146 | EVD2147
USE0227,P44356,DS-ISCX-IDS-2012,ISCX 2012 | ISCXIDS2012,training | validation | test,security_state_classification,SCH0347,DES0483,1,0,EVD0729 | EVD2144
USE0228,P45261,DS-CROSS-PLATFORM-2017,Cross-Platform(iOS) | Cross-Platform(Android),training | validation | test,semantic_inference,SCH0354,DES0492,1,0,EVD0752 | EVD0814 | EVD2153
USE0229,P45261,DS-ISCX-VPN-2016,ISCX-VPN | ISCX-VPN-Service | ISCX-VPN-App,training | validation | test,semantic_inference,SCH0351 | SCH0352,DES0495 | DES0496,2,0,EVD0613 | EVD2156 | EVD2157 | EVD2158
USE0230,P45261,DS-USTC-TFC-2016,USTC-TFC,training | validation | test,other_eligible_fixed_labels,SCH0355,DES0497,1,0,EVD0454 | EVD2159
USE0231,P45261,DS-ISCX-TOR-2016,ISCX-Tor,training | validation | test,semantic_inference,SCH0353,DES0494,1,0,EVD0524 | EVD2155
USE0232,P45721,DS-P45721-APPSNIFFER,Normal | non-VPN dataset | SuperVPN | TurboVPN | NordVPN | Surfshark | concurrent app dataset | TurboVPN concurrent traffic,training | validation | test,semantic_inference,SCH0356,DES0498 | DES0499 | DES0500 | DES0501,1,0,EVD0540 | EVD0545 | EVD0567 | EVD0664 | EVD0689 | EVD0773 | EVD2160 | EVD2161 | EVD2162 | EVD2163
USE0233,P45879,DS-P45879-LOW-OVERHEAD-WF,Edge dataset | Microsoft Edge | Chrome dataset | Google Chrome | Firefox dataset | Mozilla Firefox,training | validation | background_open_world | test,semantic_inference,SCH0357 | SCH0358,DES0502 | DES0503,2,0,EVD0515 | EVD0584 | EVD0718 | EVD2164 | EVD2165
USE0234,P46126,DS-P46126-NETTRACK,not_reported,not_reported,security_state_classification,SCH0359,DES0173,1,0,EVD1675 | EVD1874
USE0235,P46215,DS-P46215-SCANNERSCOPE,not_reported,not_reported,security_state_classification,SCH0360 | SCH0361,DES0174 | DES0175 | DES0176 | DES0177,2,0,EVD1676 | EVD1677 | EVD1678 | EVD1679 | EVD1875
USE0236,P46267,DS-ISCX-VPN-2016,ISCX VPN-nonVPN | ISCX-VPN,training | validation | test,semantic_inference,SCH0365 | SCH0368,DES0507 | DES0508,2,0,EVD0548 | EVD2169 | EVD2170
USE0237,P46267,DS-P46267-TFE-GNN-WWT,WWT | WeChat | WhatsApp | Telegram,training | validation | test,semantic_inference,SCH0363 | SCH0364 | SCH0367,DES0504 | DES0505 | DES0506,3,0,EVD0657 | EVD2166 | EVD2167 | EVD2168
USE0238,P46267,DS-ISCX-TOR-2016,ISCX Tor-nonTor | ISCX-Tor,training | validation | test,semantic_inference,SCH0362 | SCH0366,DES0509 | DES0510,2,0,EVD0463 | EVD2171 | EVD2172
USE0239,P46427,DS-CROSS-PLATFORM-2017,Cross-Platform,training | test,semantic_inference,SCH0370,DES0515,1,0,EVD0502 | EVD2177
USE0240,P46427,DS-ISCX-VPN-2016,ISCX-VPN,training | test,semantic_inference,SCH0373,DES0513,1,0,EVD0634 | EVD2175
USE0241,P46427,DS-SJTU-AN21,SJTU-AN21,training | test,semantic_inference,SCH0371,DES0511,1,0,EVD0526 | EVD2173
USE0242,P46427,DS-USTC-TFC-2016,USTC-TFC | USTC-TFC2016,training | test,other_eligible_fixed_labels,SCH0369,DES0514,1,0,EVD0653 | EVD2176
USE0243,P46427,DS-ISCX-TOR-2016,ISCX-Tor | ISCX-nonTor,training | test,semantic_inference,SCH0372,DES0512,1,0,EVD0667 | EVD2174
USE0244,P46522,DS-WANG-WF-2014,Wang100 | Wang9000 | Wang dataset,training | validation | background_open_world | test,semantic_inference,SCH0383,DES0518,1,0,EVD0745 | EVD2180
USE0245,P46522,DS-P46522-CF-2022-2023,CF dataset | CF500 | CF9000,training | validation | background_open_world | test,semantic_inference,SCH0376 | SCH0377 | SCH0378 | SCH0380 | SCH0382 | SCH0385,DES0516 | DES0517 | DES0518 | DES0520 | DES0521 | DES0522,6,0,EVD0517 | EVD0635 | EVD2178 | EVD2179 | EVD2180 | EVD2182 | EVD2183 | EVD2184
USE0246,P46522,DS-AWF-2017,AWF dataset | AWF100 | AWF775 | AWF9000,training | validation | background_open_world | test,semantic_inference,SCH0379 | SCH0381,DES0516 | DES0519 | DES0520,2,0,EVD0536 | EVD2178 | EVD2181 | EVD2182
USE0247,P46522,DS-DF-2017,DF dataset | DF95 | DF9000,training | validation | background_open_world | test,semantic_inference,SCH0374 | SCH0375 | SCH0384,DES0517 | DES0521 | DES0522,3,0,EVD0749 | EVD2179 | EVD2183 | EVD2184
USE0248,P46578,DS-TON-IOT,NF-ToN-IoT-V2,training | validation | test,security_state_classification,SCH0387,DES0523,1,0,EVD0646 | EVD0716 | EVD2185
USE0249,P46578,DS-CSE-CIC-IDS-2018,NF-CSE-CIC-IDS2018-V2,training | validation | test,security_state_classification,SCH0386,DES0524,1,0,EVD0658 | EVD0739 | EVD2186
USE0250,P47085,DS-USTC-TFC-2016,USTC-TFC2016,training | validation | test,other_eligible_fixed_labels | semantic_inference,SCH0396 | SCH0398,DES0525 | DES0529,2,0,EVD0641 | EVD2187 | EVD2191
USE0251,P47085,DS-CROSSNET-2021,CrossNet2021,training | validation | test,other_eligible_fixed_labels | semantic_inference,SCH0390 | SCH0391 | SCH0394,DES0528 | DES0532 | DES0534,3,0,EVD0795 | EVD0800 | EVD2190 | EVD2194 | EVD2197
USE0252,P47085,DS-CIC-IDS-2017,CICIDS2017 | IDS2017,training | validation | test,other_eligible_fixed_labels | security_state_classification | semantic_inference,SCH0389 | SCH0392 | SCH0393,DES0527 | DES0531 | DES0533,3,0,EVD0683 | EVD0700 | EVD2189 | EVD2193 | EVD2195 | EVD2196 | EVD2198
USE0253,P47085,DS-ISCX-TOR-2016,ISCXTor2016,training | validation | test,other_eligible_fixed_labels | semantic_inference,SCH0388 | SCH0397,DES0526 | DES0530,2,0,EVD0457 | EVD2188 | EVD2192
USE0254,P47085,DS-CSE-CIC-IDS-2018,CSE-CIC-IDS2018 | IDS2018,training | validation | test,security_state_classification,SCH0395,DES0533,1,0,EVD0562 | EVD0601 | EVD2195 | EVD2196 | EVD2198
USE0255,P47353,DS-P47353-DECETT,Shadowsocks dataset | ShadowsocksR dataset | V2Ray dataset | Trojan dataset | OpenVPN dataset,training | validation | test,semantic_inference,SCH0399,DES0535 | DES0536 | DES0537 | DES0538 | DES0539 | DES0540,1,0,EVD0531 | EVD0617 | EVD0698 | EVD0719 | EVD0720 | EVD2199 | EVD2200 | EVD2201 | EVD2202 | EVD2203 | EVD2204
USE0256,P47584,DS-P47584-HOLMES-WATSON,CW-popular | popular | CW-random | random | CW-censorship | censorship | Bandwidth-unconstrained | unconstrained | Time-Drift 18-day | Bandwidth-starlink-like | starlink-like | Bandwidth-slow | slow | Browser-chrome | chrome | Time-Drift 30-day | Browser-chrome-legacy | chrome-legacy | Browser-firefox | firefox | OW | open world | Supplementary data,training | validation | calibration | background_open_world | test,semantic_inference,SCH0400 | SCH0401 | SCH0402 | SCH0403 | SCH0404,DES0541 | DES0542 | DES0543 | DES0544 | DES0545 | DES0546 | DES0547 | DES0548 | DES0549 | DES0550 | DES0551 | DES0552,5,0,EVD0455 | EVD0469 | EVD0473 | EVD0486 | EVD0513 | EVD0563 | EVD0581 | EVD0587 | EVD0607 | EVD0612 | EVD0629 | EVD0636 | EVD0650 | EVD0654 | EVD0674 | EVD0703 | EVD0708 | EVD0714 | EVD0721 | EVD0777 | EVD0788 | EVD0808 | EVD1876 | EVD1877 | EVD2205 | EVD2206 | EVD2207 | EVD2208 | EVD2209 | EVD2210 | EVD2211 | EVD2212 | EVD2213 | EVD2214 | EVD2215 | EVD2216 | EVD2217 | EVD2218
USE0257,P48170,DS-P48170-NOMOATS,not_reported,not_reported,security_state_classification,SCH0405 | SCH0406,DES0178 | DES0179,2,0,EVD1680 | EVD1681 | EVD1878
USE0258,P48205,DS-TIKTOK-LIVE-WALKIE-TALKIE-2019,Real-world W-T | live Walkie-Talkie | realistically defended dataset,training | validation | test,semantic_inference,SCH0408,DES0555,1,0,EVD0730 | EVD2221
USE0259,P48205,DS-ONION-SITES-2016,Onion Sites | .onion dataset,training | validation | test,semantic_inference,SCH0407,DES0554,1,0,EVD0511 | EVD2220
USE0260,P48205,DS-DF-2017,Undefended | WTF-PAD | DF dataset | Walkie-Talkie simulated | W-T simulated | Walkie-Talkie dataset,training | validation | test,semantic_inference,SCH0409,DES0553 | DES0556,1,0,EVD0638 | EVD0639 | EVD2219 | EVD2222
USE0261,P48207,DS-WANG-WF-2014,Wang et al. dataset | CS-BuFLO | Tamaraw,training | validation | test,semantic_inference,SCH0410,DES0558,1,0,EVD0731 | EVD2224
USE0262,P48207,DS-GRESCHBACH-DNS-TOR-UNMONITORED,large unmonitored dataset | Greschbach dataset,background_open_world | test,semantic_inference,SCH0412,DES0560,1,0,EVD0585 | EVD1879 | EVD2226
USE0263,P48207,DS-DF-2017,DF | Undefended | WTF-PAD | Walkie-Talkie,training | validation | test,semantic_inference,SCH0411,DES0557,1,0,EVD0577 | EVD2223
USE0264,P48207,DS-DYNAFLOW-LU-2018-SOURCE,DynaFlow | DynaFlow configurations,training | validation | test,semantic_inference,SCH0413,DES0559,1,0,EVD0595 | EVD2225
USE0265,P48246,DS-P48246-GANDALF,GDLF25 | GDLF21 | GDLF-OW | GDLF-OW-old,training | validation | background_open_world | test,semantic_inference,SCH0416,DES0562,1,0,EVD0456 | EVD0590 | EVD0671 | EVD2228
USE0266,P48246,DS-AWF-2017,AWF | AWF1 | AWF2 | AWF-OW,training | validation | background_open_world | test,semantic_inference,SCH0415,DES0561,1,0,EVD0627 | EVD2227
USE0267,P48246,DS-DF-2017,DF | Deep Fingerprinting dataset,training | validation | test,semantic_inference,SCH0414,DES0563,1,0,EVD0803 | EVD2229
USE0268,P48290,DS-P48290-QUIC-TCP-WF-2021,QUIC-TCP dataset | combined QUIC-TCP dataset | closed-world dataset | open-world dataset,training | validation | background_open_world | test,semantic_inference,SCH0417,DES0564 | DES0565,1,0,EVD0746 | EVD1880 | EVD2230 | EVD2231
USE0269,P48305,DS-PINGPONG-IOT,PingPong | PP | PINGPONG,training | validation | test,endpoint_or_platform_identification,SCH0439,DES0569,1,0,EVD0557 | EVD2235
USE0270,P48305,DS-P48305-HOMESNITCH-FLORIDA-2020,HomeSnitch | HS,training | validation | test,endpoint_or_platform_identification,SCH0420 | SCH0421 | SCH0434 | SCH0437 | SCH0440 | SCH0443 | SCH0444,DES0567 | DES0573 | DES0578 | DES0579 | DES0580 | DES0581 | DES0582 | DES0587,7,0,EVD0597 | EVD2233 | EVD2240 | EVD2241 | EVD2248 | EVD2249 | EVD2250 | EVD2251 | EVD2252 | EVD2253 | EVD2254 | EVD2255 | EVD2256 | EVD2257 | EVD2262
USE0271,P48305,DS-P48305-IOT-GENERALIZABILITY-OWN-NC-2021-RECAPTURE,Our (2021) | new Our dataset,test,endpoint_or_platform_identification,SCH0419,DES0572 | DES0586,1,0,EVD0467 | EVD0493 | EVD2238 | EVD2239 | EVD2261
USE0272,P48305,DS-P48305-IOT-GENERALIZABILITY-OWN-NC-2020,Our work | our dataset | Lab,training | validation | test,endpoint_or_platform_identification,SCH0424 | SCH0425 | SCH0430 | SCH0431 | SCH0432 | SCH0438,DES0568 | DES0572 | DES0576 | DES0577 | DES0580 | DES0581 | DES0582 | DES0586,6,0,EVD0496 | EVD2234 | EVD2238 | EVD2239 | EVD2244 | EVD2245 | EVD2246 | EVD2247 | EVD2252 | EVD2253 | EVD2254 | EVD2255 | EVD2256 | EVD2257 | EVD2261
USE0273,P48305,DS-MONIOT-2019,Mon(IoT)r_US | MONIOT-US | Mon(IoT)r_UK | MONIOT-UK,training | validation | test,endpoint_or_platform_identification,SCH0429 | SCH0436 | SCH0445,DES0566 | DES0574 | DES0575 | DES0583 | DES0584 | DES0585,3,0,EVD0521 | EVD0715 | EVD2232 | EVD2242 | EVD2243 | EVD2258 | EVD2259 | EVD2260
USE0274,P48305,DS-P48305-HOMESNITCH-FLORIDA-2021-RECAPTURE,HS (2021) | new HomeSnitch dataset,test,endpoint_or_platform_identification,SCH0423 | SCH0442,DES0573 | DES0587,2,0,EVD0570 | EVD0643 | EVD2240 | EVD2241 | EVD2262
USE0275,P48305,DS-SIVANATHAN-IOT-2018,UNSW | Sivanathan dataset,training | validation | test,endpoint_or_platform_identification,SCH0426,DES0570,1,0,EVD0768 | EVD2236
USE0276,P48305,DS-YOURTHINGS-2019,YourThings | YTH,training | validation | test,endpoint_or_platform_identification,SCH0418 | SCH0422 | SCH0427 | SCH0428 | SCH0433 | SCH0435 | SCH0441,DES0571 | DES0575 | DES0576 | DES0577 | DES0578 | DES0579 | DES0580 | DES0581 | DES0582 | DES0583 | DES0584 | DES0585,7,0,EVD0499 | EVD2237 | EVD2243 | EVD2244 | EVD2245 | EVD2246 | EVD2247 | EVD2248 | EVD2249 | EVD2250 | EVD2251 | EVD2252 | EVD2253 | EVD2254 | EVD2255 | EVD2256 | EVD2257 | EVD2258 | EVD2259 | EVD2260
USE0277,P48443,DS-P48443-EXPLAINWF-LIVE-TOR,"D(wget2, tor) | wget2 live-Tor dataset",training | validation | test,semantic_inference,SCH0447,DES0588 | DES0590 | DES0591 | DES0594,1,0,EVD0644 | EVD2264 | EVD2266 | EVD2267 | EVD2270
USE0278,P48443,DS-P48443-EXPLAINWF-SHADOW,"D(wget2, shadow) | wget2 Shadow dataset | D(low, seed 1) | D(low, seed 2) | D(low, seed 3) | D(base, seed 1) | D(base, seed 2) | D(base, seed 3) | D(high, seed 1) | D(high, seed 2) | D(high, seed 3)",training | validation | test,semantic_inference,SCH0446,DES0589 | DES0590 | DES0591 | DES0592 | DES0593 | DES0594,1,0,EVD0468 | EVD0492 | EVD0494 | EVD0537 | EVD0560 | EVD0665 | EVD0666 | EVD0728 | EVD0770 | EVD0772 | EVD2265 | EVD2266 | EVD2267 | EVD2268 | EVD2269 | EVD2270
USE0279,P48659,DS-P48659-LONGENOUGH,LongEnough | LongEnough-undefended | LongEnough-defended | LongEnough-variable | variable-bandwidth dataset,training | validation | test,semantic_inference,SCH0448,DES0595 | DES0596 | DES0597,1,0,EVD0589 | EVD0744 | EVD2271 | EVD2272 | EVD2273
USE0280,P48723,DS-P48723-TEX-2023,not_reported,not_reported,security_state_classification,SCH0450,DES0183,1,0,EVD1685 | EVD1882
USE0281,P48723,DS-P48723-TEX-2022,not_reported,not_reported,security_state_classification,SCH0449,DES0180 | DES0181 | DES0182 | DES0183,1,0,EVD1682 | EVD1683 | EVD1684 | EVD1685 | EVD1881
USE0282,P16247,DS-CIRA-CIC-DOHBRW-2020,DoHBrw-NetEnv,training | validation | test,security_state_classification,SCH0454,DES0185,1,0,EVD0640 | EVD2286 | EVD2287 | EVD2288 | EVD2289 | EVD2290 | EVD2291
USE0283,P16247,DS-P16247-DOHBRW-ALL-2024,DoHBrw-ALL,training | validation | test,security_state_classification | semantic_inference,SCH0141 | SCH0453,DES0184 | DES0186 | DES0318 | DES0322 | DES0324,2,0,EVD0793 | EVD1970 | EVD1974 | EVD1976 | EVD2280 | EVD2281 | EVD2282 | EVD2283 | EVD2284 | EVD2285 | EVD2292 | EVD2293 | EVD2294 | EVD2295 | EVD2296 | EVD2297
USE0284,P16931,DS-P16931-GITHUB500,Github500 | Github dataset,training | validation | test,semantic_inference,SCH0458,DES0190,1,0,EVD0602 | EVD2316 | EVD2317 | EVD2318 | EVD2319 | EVD2320 | EVD2321
USE0285,P16931,DS-P16931-WIKI19000,Wiki19000 | Wikipedia dataset,training | validation | test,semantic_inference,SCH0455 | SCH0456 | SCH0457 | SCH0459,DES0187 | DES0188 | DES0189 | DES0190,3,1,EVD0727 | EVD2298 | EVD2299 | EVD2300 | EVD2301 | EVD2302 | EVD2303 | EVD2304 | EVD2305 | EVD2306 | EVD2307 | EVD2308 | EVD2309 | EVD2310 | EVD2311 | EVD2312 | EVD2313 | EVD2314 | EVD2315 | EVD2316 | EVD2317 | EVD2318 | EVD2319 | EVD2320 | EVD2321
USE0286,P17290,DS-P17290-ODOH,Original Collection | first-round ODoH dataset | 2nd Round Collection | second batch,training | validation | test,semantic_inference,SCH0460,DES0191 | DES0192 | DES0193,1,0,EVD0460 | EVD0564 | EVD0809 | EVD2322 | EVD2323 | EVD2324 | EVD2325 | EVD2326 | EVD2327 | EVD2328 | EVD2329 | EVD2330 | EVD2331 | EVD2332 | EVD2333 | EVD2334 | EVD2335 | EVD2336 | EVD2337 | EVD2338 | EVD2339
USE0287,P17610,DS-P17610-CHLO,lab dataset | training dataset | sanity-check dataset | campus ground-truth sessions,training | validation | test,endpoint_or_platform_identification,SCH0461 | SCH0462 | SCH0463 | SCH0464,DES0194 | DES0195 | DES0196 | DES0197 | DES0198 | DES0199 | DES0200 | DES0201,4,0,EVD0484 | EVD0583 | EVD2340 | EVD2341 | EVD2342 | EVD2343 | EVD2344 | EVD2345 | EVD2346 | EVD2347 | EVD2348 | EVD2349 | EVD2350 | EVD2351 | EVD2352 | EVD2353 | EVD2354 | EVD2355 | EVD2356 | EVD2357 | EVD2358 | EVD2359 | EVD2360 | EVD2361 | EVD2362 | EVD2363 | EVD2364 | EVD2365 | EVD2366 | EVD2367 | EVD2368 | EVD2369 | EVD2370 | EVD2371 | EVD2372 | EVD2373 | EVD2374 | EVD2375 | EVD2376 | EVD2377 | EVD2378 | EVD2379 | EVD2380 | EVD2381 | EVD2382 | EVD2383 | EVD2384 | EVD2385 | EVD2386 | EVD2387 | EVD2388 | EVD2389 | EVD2390 | EVD2391
USE0288,P17815,DS-P17815-ENCRYPTED-DNS,LOC1 | EDNS0-128 | EDNS0-468 | EDNS0-128-adblock | LOC2 | LOC3 | RPI | GOOGLE | CLOUD | CL-FF | OW | open-world dataset | WEB | TOR | DOT,training | validation | background_open_world | test,semantic_inference,SCH0465 | SCH0466,DES0202 | DES0203 | DES0204,2,0,EVD0470 | EVD0475 | EVD0491 | EVD0541 | EVD0549 | EVD0550 | EVD0555 | EVD0559 | EVD0569 | EVD0615 | EVD0620 | EVD0648 | EVD0651 | EVD0675 | EVD0676 | EVD0680 | EVD0693 | EVD0724 | EVD0741 | EVD0758 | EVD0763 | EVD0775 | EVD2392 | EVD2393 | EVD2394 | EVD2395 | EVD2396 | EVD2397 | EVD2398 | EVD2399 | EVD2400 | EVD2401 | EVD2402 | EVD2403 | EVD2404 | EVD2405 | EVD2406 | EVD2407 | EVD2408 | EVD2409
USE0289,P18222,DS-CIC-INVES-ANDMAL-2019,not_reported,not_reported,security_state_classification,SCH0467,DES0206 | DES0207,0,1,EVD2417 | EVD2418 | EVD2419 | EVD2420 | EVD2421 | EVD2422 | EVD2423 | EVD2424 | EVD2425 | EVD2426 | EVD2427 | EVD2428 | EVD2429 | EVD2430
USE0290,P18222,DS-CIRA-CIC-DOHBRW-2020,not_reported,not_reported,security_state_classification,SCH0468,DES0205 | DES0207,1,0,EVD2410 | EVD2411 | EVD2412 | EVD2413 | EVD2414 | EVD2415 | EVD2416 | EVD2424 | EVD2425 | EVD2426 | EVD2427 | EVD2428 | EVD2429 | EVD2430
USE0291,P18222,DS-CSE-CIC-IDS-2018,not_reported,not_reported,security_state_classification,SCH0469,DES0206 | DES0207,1,0,EVD2417 | EVD2418 | EVD2419 | EVD2420 | EVD2421 | EVD2422 | EVD2423 | EVD2424 | EVD2425 | EVD2426 | EVD2427 | EVD2428 | EVD2429 | EVD2430
USE0292,P38868,DS-P38868-CATO-CAMPUS-APP-TRAFFIC,app-class dataset | campus web-application traffic,training | validation | test,semantic_inference,SCH0470,DES0208,1,0,EVD0481 | EVD0684 | EVD2431 | EVD2432 | EVD2433 | EVD2434 | EVD2435 | EVD2436
USE0293,P39015,DS-CIC-INVES-ANDMAL-2019,CICInvesAndMal2019 | AndMal2019,training | test,security_state_classification,SCH0472 | SCH0473,DES0210 | DES0212,2,0,EVD0509 | EVD0736 | EVD2443 | EVD2444 | EVD2445 | EVD2446 | EVD2447 | EVD2448 | EVD2455 | EVD2456 | EVD2457 | EVD2458 | EVD2459 | EVD2460
USE0294,P39015,DS-P39015-ENCMAL2021,EncMal2021 | our collected dataset,training | test,security_state_classification,SCH0471 | SCH0474,DES0209 | DES0211,2,0,EVD0572 | EVD0765 | EVD2437 | EVD2438 | EVD2439 | EVD2440 | EVD2441 | EVD2442 | EVD2449 | EVD2450 | EVD2451 | EVD2452 | EVD2453 | EVD2454
USE0295,P39111,DS-CIRA-CIC-DOHBRW-2020,not_reported,not_reported,security_state_classification,SCH0477,DES0214,0,1,EVD2467 | EVD2468 | EVD2469 | EVD2470 | EVD2471 | EVD2472
USE0296,P39111,DS-P39111-METASPLOIT-2024,not_reported,not_reported,security_state_classification,SCH0478,DES0213 | DES0214,0,1,EVD2461 | EVD2462 | EVD2463 | EVD2464 | EVD2465 | EVD2466 | EVD2467 | EVD2468 | EVD2469 | EVD2470 | EVD2471 | EVD2472
USE0297,P39111,DS-MALWARE-TRAFFIC-ANALYSIS-NET,not_reported,not_reported,security_state_classification,SCH0476,DES0213 | DES0214,1,0,EVD2461 | EVD2462 | EVD2463 | EVD2464 | EVD2465 | EVD2466 | EVD2467 | EVD2468 | EVD2469 | EVD2470 | EVD2471 | EVD2472
USE0298,P39111,DS-P39111-TRANCO-2024,not_reported,not_reported,security_state_classification,SCH0475,DES0213 | DES0214,0,1,EVD2461 | EVD2462 | EVD2463 | EVD2464 | EVD2465 | EVD2466 | EVD2467 | EVD2468 | EVD2469 | EVD2470 | EVD2471 | EVD2472
USE0299,P39132,DS-P39132-PROTOCOL-WF,Tranco | Tranco domain dataset | Wikipedia | Wikipedia page dataset | 9GAG | 9GAG page dataset | IMDB | IMDb page dataset,training | validation | test,semantic_inference,SCH0479 | SCH0480 | SCH0481 | SCH0482,DES0215 | DES0216 | DES0217 | DES0218 | DES0219 | DES0220 | DES0221 | DES0222,4,0,EVD0618 | EVD0705 | EVD0757 | EVD0785 | EVD2473 | EVD2474 | EVD2475 | EVD2476 | EVD2477 | EVD2478 | EVD2479 | EVD2480 | EVD2481 | EVD2482 | EVD2483 | EVD2484 | EVD2485 | EVD2486 | EVD2487 | EVD2488 | EVD2489 | EVD2490 | EVD2491 | EVD2492 | EVD2493 | EVD2494 | EVD2495 | EVD2496 | EVD2497 | EVD2498 | EVD2499 | EVD2500 | EVD2501 | EVD2502 | EVD2503 | EVD2504 | EVD2505 | EVD2506 | EVD2507 | EVD2508 | EVD2509 | EVD2510 | EVD2511 | EVD2512 | EVD2513 | EVD2514 | EVD2515 | EVD2516 | EVD2517 | EVD2518 | EVD2519 | EVD2520
USE0300,P39497,DS-P39497-GGFAST-TRACE-C,C,training | test,semantic_inference,SCH0483,DES0223,1,0,EVD0575 | EVD2521 | EVD2522 | EVD2523 | EVD2524 | EVD2525 | EVD2526
USE0301,P39804,DS-CSTNET-TLS13-2021,CSTN-TLS1.3 | TLS-120,training | validation | test,semantic_inference,SCH0484,DES0224 | DES0225 | DES0226,1,0,EVD0753 | EVD0783 | EVD2527 | EVD2528 | EVD2529 | EVD2530 | EVD2531 | EVD2532 | EVD2533 | EVD2534 | EVD2535 | EVD2536 | EVD2537 | EVD2538 | EVD2539 | EVD2540 | EVD2541 | EVD2542 | EVD2543 | EVD2544
USE0302,P41766,DS-CSTNET-TLS13-2021,CSTNET-TLS1.3,training | validation | test,semantic_inference,SCH0485,DES0227,1,0,EVD0642 | EVD2545 | EVD2546 | EVD2547 | EVD2548 | EVD2549 | EVD2550
USE0303,P42690,DS-P42690-INPUT-AGNOSTIC-KWS-2021,KWS | keyword search dataset,training | validation | test,semantic_inference,SCH0486,DES0228,1,0,EVD0764 | EVD2551 | EVD2552 | EVD2553 | EVD2554 | EVD2555 | EVD2556
USE0304,P43001,DS-CIRA-CIC-DOHBRW-2020,CIRA-CIC-DoHBrw-2020 | DoHBrw,training | validation | test,security_state_classification,SCH0487,DES0231,1,0,EVD0608 | EVD2569 | EVD2570 | EVD2571 | EVD2572 | EVD2573 | EVD2574
USE0305,P43001,DS-P43001-ROSETTA-APPLICATION,application tau1 | China wired application dataset | application tau2 | Korea wired application dataset | application tau3 | USA wired application dataset | application tau4 | China WiFi application dataset | application tau5 | China 4G application dataset | application tau6 | China 3G application dataset,training | validation | test,semantic_inference,SCH0488,DES0230,1,0,EVD0478 | EVD0503 | EVD0551 | EVD0579 | EVD0645 | EVD0740 | EVD2563 | EVD2564 | EVD2565 | EVD2566 | EVD2567 | EVD2568
USE0306,P43001,DS-P43001-ROSETTA-WEBSITE,website tau1 | China wired website dataset | website tau2 | Korea wired website dataset | website tau3 | USA wired website dataset | website tau4 | China WiFi website dataset | website tau5 | China 4G website dataset | website tau6 | China 3G website dataset,training | validation | test,semantic_inference,SCH0489,DES0229,1,0,EVD0544 | EVD0621 | EVD0759 | EVD0778 | EVD0782 | EVD0792 | EVD2557 | EVD2558 | EVD2559 | EVD2560 | EVD2561 | EVD2562
USE0307,P44828,DS-P44828-INTRADOMAIN-WPF,D1 | D2 | D4 | D3 | D5,training | validation | background_open_world | test,semantic_inference,SCH0349 | SCH0350 | SCH0490 | SCH0491 | SCH0492,DES0232 | DES0233 | DES0234 | DES0490 | DES0491,5,0,EVD0649 | EVD0669 | EVD0677 | EVD0779 | EVD0798 | EVD2151 | EVD2152 | EVD2575 | EVD2576 | EVD2577 | EVD2578 | EVD2579 | EVD2580 | EVD2581 | EVD2582 | EVD2583 | EVD2584 | EVD2585 | EVD2586 | EVD2587 | EVD2588 | EVD2589 | EVD2590 | EVD2591 | EVD2592
USE0308,P45261,DS-CSTNET-TLS13-2021,CSTNET-TLS 1.3 | CSTNET-TLS1.3,training | validation | test,semantic_inference,SCH0493,DES0235,1,0,EVD0546 | EVD2593 | EVD2594 | EVD2595 | EVD2596 | EVD2597 | EVD2598
USE0309,P48758,DS-WALSH-VIDEO-2024,HTTPS-only dataset | HTTPS-only video-streaming dataset | Tor dataset | Tor video-streaming dataset,training | validation | background_open_world | test,semantic_inference,SCH0451 | SCH0452 | SCH0494 | SCH0495,DES0236 | DES0237 | DES0238 | DES0599 | DES0601 | DES0603,4,0,EVD0510 | EVD0687 | EVD0688 | EVD0733 | EVD2275 | EVD2277 | EVD2279 | EVD2599 | EVD2600 | EVD2601 | EVD2602 | EVD2603 | EVD2604 | EVD2605 | EVD2606 | EVD2607 | EVD2608 | EVD2609 | EVD2610 | EVD2611 | EVD2612 | EVD2613 | EVD2614 | EVD2615 | EVD2616
