rq1_dataset_summary_id,dataset_id,dimension,outcome,scheme_count,supported_scheme_ids,documented_no_support_scheme_ids,not_documented_scheme_ids
R1D0001,DS-ANDRUBIS,client,not_documented,2,,,SCH0199 | SCH0204
R1D0002,DS-ANDRUBIS,network,not_documented,2,,,SCH0199 | SCH0204
R1D0003,DS-ANDRUBIS,temporal,documented_no_support,2,,SCH0199 | SCH0204,
R1D0004,DS-ANOSHIFT,client,not_documented,1,,,SCH0223
R1D0005,DS-ANOSHIFT,network,not_documented,1,,,SCH0223
R1D0006,DS-ANOSHIFT,temporal,supported,1,SCH0223,,
R1D0007,DS-AUCKLAND-VI-2001,client,not_documented,1,,,SCH0252
R1D0008,DS-AUCKLAND-VI-2001,network,not_documented,1,,,SCH0252
R1D0009,DS-AUCKLAND-VI-2001,temporal,not_documented,1,,,SCH0252
R1D0010,DS-AWF-2017,client,documented_no_support,8,,SCH0055 | SCH0057 | SCH0092 | SCH0093 | SCH0094 | SCH0379 | SCH0381 | SCH0415,
R1D0011,DS-AWF-2017,network,not_documented,8,,,SCH0055 | SCH0057 | SCH0092 | SCH0093 | SCH0094 | SCH0379 | SCH0381 | SCH0415
R1D0012,DS-AWF-2017,temporal,supported,8,SCH0415,,SCH0055 | SCH0057 | SCH0092 | SCH0093 | SCH0094 | SCH0379 | SCH0381
R1D0013,DS-AWID3,client,not_documented,1,,,SCH0173
R1D0014,DS-AWID3,network,not_documented,1,,,SCH0173
R1D0015,DS-AWID3,temporal,documented_no_support,1,,SCH0173,
R1D0016,DS-BOT-IOT,client,not_documented,1,,,SCH0236
R1D0017,DS-BOT-IOT,network,documented_no_support,1,,SCH0236,
R1D0018,DS-BOT-IOT,temporal,not_documented,1,,,SCH0236
R1D0019,DS-BTU-MALWARE,client,not_documented,2,,,SCH0184 | SCH0185
R1D0020,DS-BTU-MALWARE,network,not_documented,2,,,SCH0184 | SCH0185
R1D0021,DS-BTU-MALWARE,temporal,not_documented,2,,,SCH0184 | SCH0185
R1D0022,DS-CIC-ANDMAL-2017,client,not_documented,2,,,SCH0076 | SCH0144
R1D0023,DS-CIC-ANDMAL-2017,network,documented_no_support,2,,SCH0076 | SCH0144,
R1D0024,DS-CIC-ANDMAL-2017,temporal,not_documented,2,,,SCH0076 | SCH0144
R1D0025,DS-CIC-DDOS-2019,client,not_documented,4,,SCH0127,SCH0098 | SCH0148 | SCH0164
R1D0026,DS-CIC-DDOS-2019,network,not_documented,4,,SCH0098 | SCH0127 | SCH0148,SCH0164
R1D0027,DS-CIC-DDOS-2019,temporal,not_documented,4,,SCH0164,SCH0098 | SCH0127 | SCH0148
R1D0028,DS-CIC-IDS-2017,client,not_documented,22,,SCH0079 | SCH0087 | SCH0128,SCH0011 | SCH0012 | SCH0013 | SCH0014 | SCH0015 | SCH0016 | SCH0017 | SCH0081 | SCH0096 | SCH0145 | SCH0161 | SCH0162 | SCH0163 | SCH0181 | SCH0224 | SCH0240 | SCH0389 | SCH0392 | SCH0393
R1D0029,DS-CIC-IDS-2017,network,not_documented,22,,SCH0011 | SCH0012 | SCH0013 | SCH0014 | SCH0015 | SCH0016 | SCH0017 | SCH0096 | SCH0128 | SCH0145 | SCH0181 | SCH0224 | SCH0240,SCH0079 | SCH0081 | SCH0087 | SCH0161 | SCH0162 | SCH0163 | SCH0389 | SCH0392 | SCH0393
R1D0030,DS-CIC-IDS-2017,temporal,supported,22,SCH0016 | SCH0017 | SCH0128,SCH0161 | SCH0162 | SCH0163,SCH0011 | SCH0012 | SCH0013 | SCH0014 | SCH0015 | SCH0079 | SCH0081 | SCH0087 | SCH0096 | SCH0145 | SCH0181 | SCH0224 | SCH0240 | SCH0389 | SCH0392 | SCH0393
R1D0031,DS-CIC-INVES-ANDMAL-2019,client,not_documented,4,,,SCH0186 | SCH0190 | SCH0472 | SCH0473
R1D0032,DS-CIC-INVES-ANDMAL-2019,network,not_documented,4,,,SCH0186 | SCH0190 | SCH0472 | SCH0473
R1D0033,DS-CIC-INVES-ANDMAL-2019,temporal,not_documented,4,,,SCH0186 | SCH0190 | SCH0472 | SCH0473
R1D0034,DS-CIC-IOT-2022,client,supported,5,SCH0259,SCH0024,SCH0003 | SCH0007 | SCH0235
R1D0035,DS-CIC-IOT-2022,network,not_documented,5,,,SCH0003 | SCH0007 | SCH0024 | SCH0235 | SCH0259
R1D0036,DS-CIC-IOT-2022,temporal,not_documented,5,,,SCH0003 | SCH0007 | SCH0024 | SCH0235 | SCH0259
R1D0037,DS-CIC-IOT-2023,client,not_documented,3,,,SCH0021 | SCH0130 | SCH0155
R1D0038,DS-CIC-IOT-2023,network,documented_no_support,3,,SCH0021 | SCH0130 | SCH0155,
R1D0039,DS-CIC-IOT-2023,temporal,not_documented,3,,SCH0130,SCH0021 | SCH0155
R1D0040,DS-CIRA-CIC-DOHBRW-2020,client,not_documented,5,,SCH0338 | SCH0454 | SCH0468 | SCH0487,SCH0149
R1D0041,DS-CIRA-CIC-DOHBRW-2020,network,not_documented,5,,SCH0149 | SCH0338,SCH0454 | SCH0468 | SCH0487
R1D0042,DS-CIRA-CIC-DOHBRW-2020,temporal,supported,5,SCH0454 | SCH0468 | SCH0487,,SCH0149 | SCH0338
R1D0043,DS-CROSS-PLATFORM-2017,client,not_documented,13,,,SCH0004 | SCH0019 | SCH0023 | SCH0080 | SCH0197 | SCH0200 | SCH0201 | SCH0230 | SCH0247 | SCH0279 | SCH0281 | SCH0354 | SCH0370
R1D0044,DS-CROSS-PLATFORM-2017,network,not_documented,13,,SCH0080,SCH0004 | SCH0019 | SCH0023 | SCH0197 | SCH0200 | SCH0201 | SCH0230 | SCH0247 | SCH0279 | SCH0281 | SCH0354 | SCH0370
R1D0045,DS-CROSS-PLATFORM-2017,temporal,not_documented,13,,,SCH0004 | SCH0019 | SCH0023 | SCH0080 | SCH0197 | SCH0200 | SCH0201 | SCH0230 | SCH0247 | SCH0279 | SCH0281 | SCH0354 | SCH0370
R1D0046,DS-CROSSNET-2021,client,not_documented,3,,,SCH0390 | SCH0391 | SCH0394
R1D0047,DS-CROSSNET-2021,network,documented_no_support,3,,SCH0390 | SCH0391 | SCH0394,
R1D0048,DS-CROSSNET-2021,temporal,supported,3,SCH0390,,SCH0391 | SCH0394
R1D0049,DS-CSE-CIC-IDS-2018,client,not_documented,8,,SCH0129,SCH0097 | SCH0146 | SCH0225 | SCH0246 | SCH0386 | SCH0395 | SCH0469
R1D0050,DS-CSE-CIC-IDS-2018,network,not_documented,8,,SCH0097 | SCH0129 | SCH0146 | SCH0225 | SCH0246 | SCH0386 | SCH0395,SCH0469
R1D0051,DS-CSE-CIC-IDS-2018,temporal,supported,8,SCH0097 | SCH0146 | SCH0225,,SCH0129 | SCH0246 | SCH0386 | SCH0395 | SCH0469
R1D0052,DS-CSTNET-TLS13-2021,client,not_documented,4,,,SCH0116 | SCH0484 | SCH0485 | SCH0493
R1D0053,DS-CSTNET-TLS13-2021,network,not_documented,4,,SCH0484 | SCH0485 | SCH0493,SCH0116
R1D0054,DS-CSTNET-TLS13-2021,temporal,not_documented,4,,,SCH0116 | SCH0484 | SCH0485 | SCH0493
R1D0055,DS-CTU-13,client,not_documented,8,,,SCH0147 | SCH0165 | SCH0166 | SCH0167 | SCH0168 | SCH0169 | SCH0170 | SCH0226
R1D0056,DS-CTU-13,network,not_documented,8,,SCH0226,SCH0147 | SCH0165 | SCH0166 | SCH0167 | SCH0168 | SCH0169 | SCH0170
R1D0057,DS-CTU-13,temporal,not_documented,8,,SCH0165 | SCH0166 | SCH0167 | SCH0168 | SCH0169 | SCH0170,SCH0147 | SCH0226
R1D0058,DS-DATACON-2020-ENCRYPTED-MALWARE,client,documented_no_support,1,,SCH0117,
R1D0059,DS-DATACON-2020-ENCRYPTED-MALWARE,network,not_documented,1,,,SCH0117
R1D0060,DS-DATACON-2020-ENCRYPTED-MALWARE,temporal,not_documented,1,,,SCH0117
R1D0061,DS-DATACON-2021-ENCRYPTED-PROXY,client,documented_no_support,2,,SCH0118 | SCH0119,
R1D0062,DS-DATACON-2021-ENCRYPTED-PROXY,network,not_documented,2,,,SCH0118 | SCH0119
R1D0063,DS-DATACON-2021-ENCRYPTED-PROXY,temporal,not_documented,2,,,SCH0118 | SCH0119
R1D0064,DS-DEEPVC-ALEXA-2019,client,documented_no_support,2,,SCH0063 | SCH0324,
R1D0065,DS-DEEPVC-ALEXA-2019,network,not_documented,2,,,SCH0063 | SCH0324
R1D0066,DS-DEEPVC-ALEXA-2019,temporal,not_documented,2,,,SCH0063 | SCH0324
R1D0067,DS-DELTASHAPER-COVERT-TRAFFIC,client,not_documented,1,,,SCH0206
R1D0068,DS-DELTASHAPER-COVERT-TRAFFIC,network,not_documented,1,,,SCH0206
R1D0069,DS-DELTASHAPER-COVERT-TRAFFIC,temporal,not_documented,1,,,SCH0206
R1D0070,DS-DF-2017,client,not_documented,13,,SCH0110 | SCH0134 | SCH0137 | SCH0143 | SCH0273 | SCH0330 | SCH0374 | SCH0375 | SCH0384 | SCH0409 | SCH0411 | SCH0414,SCH0329
R1D0071,DS-DF-2017,network,documented_no_support,13,,SCH0110 | SCH0134 | SCH0137 | SCH0143 | SCH0273 | SCH0329 | SCH0330 | SCH0374 | SCH0375 | SCH0384 | SCH0409 | SCH0411 | SCH0414,
R1D0072,DS-DF-2017,temporal,supported,13,SCH0110 | SCH0134 | SCH0137 | SCH0143 | SCH0273 | SCH0329 | SCH0330 | SCH0374 | SCH0375 | SCH0384 | SCH0409 | SCH0411 | SCH0414,,
R1D0073,DS-DYNAFLOW-LU-2018-SOURCE,client,not_documented,1,,,SCH0413
R1D0074,DS-DYNAFLOW-LU-2018-SOURCE,network,not_documented,1,,,SCH0413
R1D0075,DS-DYNAFLOW-LU-2018-SOURCE,temporal,not_documented,1,,,SCH0413
R1D0076,DS-FACET-COVERT-TRAFFIC,client,not_documented,1,,,SCH0207
R1D0077,DS-FACET-COVERT-TRAFFIC,network,not_documented,1,,,SCH0207
R1D0078,DS-FACET-COVERT-TRAFFIC,temporal,not_documented,1,,,SCH0207
R1D0079,DS-FG-NET,client,not_documented,1,,,SCH0193
R1D0080,DS-FG-NET,network,not_documented,1,,,SCH0193
R1D0081,DS-FG-NET,temporal,supported,1,SCH0193,,
R1D0082,DS-GRESCHBACH-DNS-TOR-UNMONITORED,client,not_documented,1,,,SCH0412
R1D0083,DS-GRESCHBACH-DNS-TOR-UNMONITORED,network,not_documented,1,,,SCH0412
R1D0084,DS-GRESCHBACH-DNS-TOR-UNMONITORED,temporal,not_documented,1,,,SCH0412
R1D0085,DS-HERRMANN-OPENSSH-WF,client,not_documented,1,,,SCH0208
R1D0086,DS-HERRMANN-OPENSSH-WF,network,not_documented,1,,,SCH0208
R1D0087,DS-HERRMANN-OPENSSH-WF,temporal,not_documented,1,,,SCH0208
R1D0088,DS-HYPERVISION,client,not_documented,11,,,SCH0100 | SCH0101 | SCH0102 | SCH0103 | SCH0104 | SCH0105 | SCH0150 | SCH0151 | SCH0152 | SCH0153 | SCH0154
R1D0089,DS-HYPERVISION,network,not_documented,11,,,SCH0100 | SCH0101 | SCH0102 | SCH0103 | SCH0104 | SCH0105 | SCH0150 | SCH0151 | SCH0152 | SCH0153 | SCH0154
R1D0090,DS-HYPERVISION,temporal,not_documented,11,,,SCH0100 | SCH0101 | SCH0102 | SCH0103 | SCH0104 | SCH0105 | SCH0150 | SCH0151 | SCH0152 | SCH0153 | SCH0154
R1D0091,DS-IEEE-IOT-INTRUSION,client,not_documented,1,,,SCH0171
R1D0092,DS-IEEE-IOT-INTRUSION,network,not_documented,1,,,SCH0171
R1D0093,DS-IEEE-IOT-INTRUSION,temporal,documented_no_support,1,,SCH0171,
R1D0094,DS-IOT-23,client,not_documented,1,,,SCH0131
R1D0095,DS-IOT-23,network,documented_no_support,1,,SCH0131,
R1D0096,DS-IOT-23,temporal,not_documented,1,,,SCH0131
R1D0097,DS-IOT-SENTINEL-2017,client,documented_no_support,1,,SCH0318,
R1D0098,DS-IOT-SENTINEL-2017,network,not_documented,1,,,SCH0318
R1D0099,DS-IOT-SENTINEL-2017,temporal,not_documented,1,,,SCH0318
R1D0100,DS-ISCX-IDS-2012,client,not_documented,1,,,SCH0347
R1D0101,DS-ISCX-IDS-2012,network,documented_no_support,1,,SCH0347,
R1D0102,DS-ISCX-IDS-2012,temporal,not_documented,1,,,SCH0347
R1D0103,DS-ISCX-TOR-2016,client,not_documented,12,,SCH0009,SCH0002 | SCH0020 | SCH0025 | SCH0027 | SCH0249 | SCH0353 | SCH0362 | SCH0366 | SCH0372 | SCH0388 | SCH0397
R1D0104,DS-ISCX-TOR-2016,network,documented_no_support,12,,SCH0002 | SCH0009 | SCH0020 | SCH0025 | SCH0027 | SCH0249 | SCH0353 | SCH0362 | SCH0366 | SCH0372 | SCH0388 | SCH0397,
R1D0105,DS-ISCX-TOR-2016,temporal,not_documented,12,,,SCH0002 | SCH0009 | SCH0020 | SCH0025 | SCH0027 | SCH0249 | SCH0353 | SCH0362 | SCH0366 | SCH0372 | SCH0388 | SCH0397
R1D0106,DS-ISCX-VPN-2016,client,not_documented,24,,,SCH0005 | SCH0010 | SCH0022 | SCH0026 | SCH0028 | SCH0078 | SCH0082 | SCH0084 | SCH0233 | SCH0237 | SCH0245 | SCH0248 | SCH0258 | SCH0262 | SCH0263 | SCH0264 | SCH0278 | SCH0280 | SCH0348 | SCH0351 | SCH0352 | SCH0365 | SCH0368 | SCH0373
R1D0107,DS-ISCX-VPN-2016,network,not_documented,24,,SCH0005 | SCH0237 | SCH0258 | SCH0351,SCH0010 | SCH0022 | SCH0026 | SCH0028 | SCH0078 | SCH0082 | SCH0084 | SCH0233 | SCH0245 | SCH0248 | SCH0262 | SCH0263 | SCH0264 | SCH0278 | SCH0280 | SCH0348 | SCH0352 | SCH0365 | SCH0368 | SCH0373
R1D0108,DS-ISCX-VPN-2016,temporal,not_documented,24,,,SCH0005 | SCH0010 | SCH0022 | SCH0026 | SCH0028 | SCH0078 | SCH0082 | SCH0084 | SCH0233 | SCH0237 | SCH0245 | SCH0248 | SCH0258 | SCH0262 | SCH0263 | SCH0264 | SCH0278 | SCH0280 | SCH0348 | SCH0351 | SCH0352 | SCH0365 | SCH0368 | SCH0373
R1D0109,DS-KDDCUP-99,client,not_documented,3,,,SCH0031 | SCH0227 | SCH0228
R1D0110,DS-KDDCUP-99,network,documented_no_support,3,,SCH0031 | SCH0227 | SCH0228,
R1D0111,DS-KDDCUP-99,temporal,supported,3,SCH0227,,SCH0031 | SCH0228
R1D0112,DS-KITSUNE,client,not_documented,1,,,SCH0172
R1D0113,DS-KITSUNE,network,not_documented,1,,,SCH0172
R1D0114,DS-KITSUNE,temporal,documented_no_support,1,,SCH0172,
R1D0115,DS-KITSUNE-SSDP-FLOOD,client,not_documented,2,,,SCH0106 | SCH0156
R1D0116,DS-KITSUNE-SSDP-FLOOD,network,not_documented,2,,,SCH0106 | SCH0156
R1D0117,DS-KITSUNE-SSDP-FLOOD,temporal,not_documented,2,,,SCH0106 | SCH0156
R1D0118,DS-MALPHASE-VIRUSTOTAL-SANDBOX-PCAPS,client,not_documented,6,,,SCH0037 | SCH0041 | SCH0047 | SCH0048 | SCH0050 | SCH0052
R1D0119,DS-MALPHASE-VIRUSTOTAL-SANDBOX-PCAPS,network,not_documented,6,,,SCH0037 | SCH0041 | SCH0047 | SCH0048 | SCH0050 | SCH0052
R1D0120,DS-MALPHASE-VIRUSTOTAL-SANDBOX-PCAPS,temporal,not_documented,6,,,SCH0037 | SCH0041 | SCH0047 | SCH0048 | SCH0050 | SCH0052
R1D0121,DS-MALWARE-TRAFFIC-ANALYSIS-NET,client,not_documented,3,,,SCH0183 | SCH0231 | SCH0476
R1D0122,DS-MALWARE-TRAFFIC-ANALYSIS-NET,network,not_documented,3,,,SCH0183 | SCH0231 | SCH0476
R1D0123,DS-MALWARE-TRAFFIC-ANALYSIS-NET,temporal,not_documented,3,,SCH0183 | SCH0231,SCH0476
R1D0124,DS-MEI-2023-SINGLE-TAB,client,not_documented,1,,,SCH0274
R1D0125,DS-MEI-2023-SINGLE-TAB,network,not_documented,1,,,SCH0274
R1D0126,DS-MEI-2023-SINGLE-TAB,temporal,not_documented,1,,,SCH0274
R1D0127,DS-MONIOT-2019,client,documented_no_support,3,,SCH0429 | SCH0436 | SCH0445,
R1D0128,DS-MONIOT-2019,network,supported,3,SCH0429 | SCH0445,,SCH0436
R1D0129,DS-MONIOT-2019,temporal,not_documented,3,,,SCH0429 | SCH0436 | SCH0445
R1D0130,DS-NETBEACON-TRAFFIC,client,not_documented,2,,,SCH0107 | SCH0157
R1D0131,DS-NETBEACON-TRAFFIC,network,not_documented,2,,,SCH0107 | SCH0157
R1D0132,DS-NETBEACON-TRAFFIC,temporal,not_documented,2,,,SCH0107 | SCH0157
R1D0133,DS-NETWORK-DEVICE-DATASET-HOLLAND-2020,client,documented_no_support,1,,SCH0086,
R1D0134,DS-NETWORK-DEVICE-DATASET-HOLLAND-2020,network,not_documented,1,,,SCH0086
R1D0135,DS-NETWORK-DEVICE-DATASET-HOLLAND-2020,temporal,not_documented,1,,,SCH0086
R1D0136,DS-NUDT-MOBILETRAFFIC-2020,client,not_documented,3,,,SCH0120 | SCH0142 | SCH0192
R1D0137,DS-NUDT-MOBILETRAFFIC-2020,network,not_documented,3,,,SCH0120 | SCH0142 | SCH0192
R1D0138,DS-NUDT-MOBILETRAFFIC-2020,temporal,not_documented,3,,,SCH0120 | SCH0142 | SCH0192
R1D0139,DS-ONION-SITES-2016,client,not_documented,1,,,SCH0407
R1D0140,DS-ONION-SITES-2016,network,not_documented,1,,,SCH0407
R1D0141,DS-ONION-SITES-2016,temporal,not_documented,1,,,SCH0407
R1D0142,DS-P05927-PROTOCOL-REPOSITORY,client,not_documented,1,,,SCH0001
R1D0143,DS-P05927-PROTOCOL-REPOSITORY,network,not_documented,1,,,SCH0001
R1D0144,DS-P05927-PROTOCOL-REPOSITORY,temporal,not_documented,1,,,SCH0001
R1D0145,DS-P13958-HOMEMOLE,client,documented_no_support,1,,SCH0036,
R1D0146,DS-P13958-HOMEMOLE,network,not_documented,1,,,SCH0036
R1D0147,DS-P13958-HOMEMOLE,temporal,not_documented,1,,,SCH0036
R1D0148,DS-P14188-PRIVATE-RELAY-WF-2022,client,documented_no_support,2,,SCH0056 | SCH0058,
R1D0149,DS-P14188-PRIVATE-RELAY-WF-2022,network,not_documented,2,,SCH0058,SCH0056
R1D0150,DS-P14188-PRIVATE-RELAY-WF-2022,temporal,not_documented,2,,,SCH0056 | SCH0058
R1D0151,DS-P14255-CAPSULEFORMER-DAPP-2022,client,documented_no_support,1,,SCH0059,
R1D0152,DS-P14255-CAPSULEFORMER-DAPP-2022,network,not_documented,1,,,SCH0059
R1D0153,DS-P14255-CAPSULEFORMER-DAPP-2022,temporal,documented_no_support,1,,SCH0059,
R1D0154,DS-P14374-WHISPERVOICETRACE,client,supported,11,SCH0065,SCH0060 | SCH0061,SCH0062 | SCH0064 | SCH0066 | SCH0067 | SCH0068 | SCH0069 | SCH0071 | SCH0072
R1D0155,DS-P14374-WHISPERVOICETRACE,network,not_documented,11,,SCH0060 | SCH0062 | SCH0069,SCH0061 | SCH0064 | SCH0065 | SCH0066 | SCH0067 | SCH0068 | SCH0071 | SCH0072
R1D0156,DS-P14374-WHISPERVOICETRACE,temporal,not_documented,11,,SCH0060 | SCH0062 | SCH0064 | SCH0066 | SCH0067 | SCH0068 | SCH0069 | SCH0071 | SCH0072,SCH0061 | SCH0065
R1D0157,DS-P14413-DKF,client,not_documented,3,,,SCH0073 | SCH0074 | SCH0075
R1D0158,DS-P14413-DKF,network,not_documented,3,,SCH0074,SCH0073 | SCH0075
R1D0159,DS-P14413-DKF,temporal,supported,3,SCH0073 | SCH0074,,SCH0075
R1D0160,DS-P14441-ZOOBAZAAR2024,client,documented_no_support,1,,SCH0077,
R1D0161,DS-P14441-ZOOBAZAAR2024,network,not_documented,1,,,SCH0077
R1D0162,DS-P14441-ZOOBAZAAR2024,temporal,not_documented,1,,,SCH0077
R1D0163,DS-P14955-TOR-MALWARE-INITIAL-2021,client,documented_no_support,1,,SCH0088,
R1D0164,DS-P14955-TOR-MALWARE-INITIAL-2021,network,documented_no_support,1,,SCH0088,
R1D0165,DS-P14955-TOR-MALWARE-INITIAL-2021,temporal,not_documented,1,,,SCH0088
R1D0166,DS-P14955-TOR-MALWARE-ZERODAY-2021,client,documented_no_support,1,,SCH0090,
R1D0167,DS-P14955-TOR-MALWARE-ZERODAY-2021,network,documented_no_support,1,,SCH0090,
R1D0168,DS-P14955-TOR-MALWARE-ZERODAY-2021,temporal,documented_no_support,1,,SCH0090,
R1D0169,DS-P15385-REALISTIC-WF-DRIFT-2023,client,documented_no_support,2,,SCH0091 | SCH0095,
R1D0170,DS-P15385-REALISTIC-WF-DRIFT-2023,network,not_documented,2,,SCH0091,SCH0095
R1D0171,DS-P15385-REALISTIC-WF-DRIFT-2023,temporal,supported,2,SCH0091,,SCH0095
R1D0172,DS-P15558-INSTITUTIONAL-2024,client,documented_no_support,1,,SCH0099,
R1D0173,DS-P15558-INSTITUTIONAL-2024,network,documented_no_support,1,,SCH0099,
R1D0174,DS-P15558-INSTITUTIONAL-2024,temporal,not_documented,1,,,SCH0099
R1D0175,DS-P15762-STDA-DARKWEB,client,not_documented,1,,,SCH0109
R1D0176,DS-P15762-STDA-DARKWEB,network,not_documented,1,,,SCH0109
R1D0177,DS-P15762-STDA-DARKWEB,temporal,supported,1,SCH0109,,
R1D0178,DS-P16004-CSP,client,not_documented,1,,,SCH0113
R1D0179,DS-P16004-CSP,network,not_documented,1,,,SCH0113
R1D0180,DS-P16004-CSP,temporal,supported,1,SCH0113,,
R1D0181,DS-P16004-TIER1-ISP,client,not_documented,1,,,SCH0112
R1D0182,DS-P16004-TIER1-ISP,network,not_documented,1,,,SCH0112
R1D0183,DS-P16004-TIER1-ISP,temporal,supported,1,SCH0112,,
R1D0184,DS-P16192-360COMPANY22,client,not_documented,1,,,SCH0121
R1D0185,DS-P16192-360COMPANY22,network,not_documented,1,,,SCH0121
R1D0186,DS-P16192-360COMPANY22,temporal,supported,1,SCH0121,,
R1D0187,DS-P16192-360COMPANY23,client,not_documented,1,,,SCH0122
R1D0188,DS-P16192-360COMPANY23,network,not_documented,1,,,SCH0122
R1D0189,DS-P16192-360COMPANY23,temporal,supported,1,SCH0122,,
R1D0190,DS-P16192-SELFDEPLOY24,client,not_documented,1,,,SCH0123
R1D0191,DS-P16192-SELFDEPLOY24,network,not_documented,1,,,SCH0123
R1D0192,DS-P16192-SELFDEPLOY24,temporal,supported,1,SCH0123,,
R1D0193,DS-P16192-SELFDEPLOY25,client,not_documented,1,,,SCH0124
R1D0194,DS-P16192-SELFDEPLOY25,network,not_documented,1,,,SCH0124
R1D0195,DS-P16192-SELFDEPLOY25,temporal,supported,1,SCH0124,,
R1D0196,DS-P16192-SELFDEPLOY25S,client,not_documented,1,,,SCH0125
R1D0197,DS-P16192-SELFDEPLOY25S,network,not_documented,1,,,SCH0125
R1D0198,DS-P16192-SELFDEPLOY25S,temporal,supported,1,SCH0125,,
R1D0199,DS-P16192-WEBRAY,client,not_documented,1,,,SCH0126
R1D0200,DS-P16192-WEBRAY,network,not_documented,1,,,SCH0126
R1D0201,DS-P16192-WEBRAY,temporal,supported,1,SCH0126,,
R1D0202,DS-P16208-SISTAR-IPERF-HPING3,client,documented_no_support,1,,SCH0132,
R1D0203,DS-P16208-SISTAR-IPERF-HPING3,network,documented_no_support,1,,SCH0132,
R1D0204,DS-P16208-SISTAR-IPERF-HPING3,temporal,supported,1,SCH0132,,
R1D0205,DS-P16217-SWALLOW,client,supported,1,SCH0136,,
R1D0206,DS-P16217-SWALLOW,network,documented_no_support,1,,SCH0136,
R1D0207,DS-P16217-SWALLOW,temporal,supported,1,SCH0136,,
R1D0208,DS-P16247-APPLICATION-ALL-2024,client,supported,1,SCH0139,,
R1D0209,DS-P16247-APPLICATION-ALL-2024,network,supported,1,SCH0139,,
R1D0210,DS-P16247-APPLICATION-ALL-2024,temporal,documented_no_support,1,,SCH0139,
R1D0211,DS-P16247-DOHBRW-ALL-2024,client,documented_no_support,2,,SCH0141 | SCH0453,
R1D0212,DS-P16247-DOHBRW-ALL-2024,network,supported,2,SCH0141,SCH0453,
R1D0213,DS-P16247-DOHBRW-ALL-2024,temporal,not_documented,2,,SCH0141,SCH0453
R1D0214,DS-P16247-TOR-ALL-2024,client,supported,1,SCH0140,,
R1D0215,DS-P16247-TOR-ALL-2024,network,supported,1,SCH0140,,
R1D0216,DS-P16247-TOR-ALL-2024,temporal,not_documented,1,,,SCH0140
R1D0217,DS-P16354-DARKVEC-UNIVERSITY-DARKNET-2021,client,not_documented,1,,,SCH0159
R1D0218,DS-P16354-DARKVEC-UNIVERSITY-DARKNET-2021,network,documented_no_support,1,,SCH0159,
R1D0219,DS-P16354-DARKVEC-UNIVERSITY-DARKNET-2021,temporal,not_documented,1,,,SCH0159
R1D0220,DS-P16398-FIAT-TESTBED,client,supported,1,SCH0160,,
R1D0221,DS-P16398-FIAT-TESTBED,network,supported,1,SCH0160,,
R1D0222,DS-P16398-FIAT-TESTBED,temporal,not_documented,1,,,SCH0160
R1D0223,DS-P16418-XATU-ISP-2019,client,not_documented,6,,,SCH0174 | SCH0175 | SCH0176 | SCH0177 | SCH0178 | SCH0179
R1D0224,DS-P16418-XATU-ISP-2019,network,not_documented,6,,,SCH0174 | SCH0175 | SCH0176 | SCH0177 | SCH0178 | SCH0179
R1D0225,DS-P16418-XATU-ISP-2019,temporal,supported,6,SCH0174 | SCH0175 | SCH0176 | SCH0177 | SCH0178 | SCH0179,,
R1D0226,DS-P16931-GITHUB500,client,documented_no_support,1,,SCH0458,
R1D0227,DS-P16931-GITHUB500,network,supported,1,SCH0458,,
R1D0228,DS-P16931-GITHUB500,temporal,documented_no_support,1,,SCH0458,
R1D0229,DS-P16931-WIKI19000,client,documented_no_support,3,,SCH0455 | SCH0456 | SCH0457,
R1D0230,DS-P16931-WIKI19000,network,supported,3,SCH0455 | SCH0456 | SCH0457,,
R1D0231,DS-P16931-WIKI19000,temporal,not_documented,3,,SCH0457,SCH0455 | SCH0456
R1D0232,DS-P17056-LTE-FINGERPRINT,client,not_documented,1,,,SCH0180
R1D0233,DS-P17056-LTE-FINGERPRINT,network,supported,1,SCH0180,,
R1D0234,DS-P17056-LTE-FINGERPRINT,temporal,supported,1,SCH0180,,
R1D0235,DS-P17148-EBPF-REPRODUCTION,client,documented_no_support,1,,SCH0182,
R1D0236,DS-P17148-EBPF-REPRODUCTION,network,documented_no_support,1,,SCH0182,
R1D0237,DS-P17148-EBPF-REPRODUCTION,temporal,supported,1,SCH0182,,
R1D0238,DS-P17290-ODOH,client,documented_no_support,1,,SCH0460,
R1D0239,DS-P17290-ODOH,network,supported,1,SCH0460,,
R1D0240,DS-P17290-ODOH,temporal,supported,1,SCH0460,,
R1D0241,DS-P17610-CHLO,client,supported,4,SCH0461 | SCH0462 | SCH0463 | SCH0464,,
R1D0242,DS-P17610-CHLO,network,supported,4,SCH0461 | SCH0462 | SCH0463 | SCH0464,,
R1D0243,DS-P17610-CHLO,temporal,not_documented,4,,,SCH0461 | SCH0462 | SCH0463 | SCH0464
R1D0244,DS-P17713-MULTIMEDIA-NETWORK-TRAFFIC-2025,client,not_documented,2,,,SCH0194 | SCH0195
R1D0245,DS-P17713-MULTIMEDIA-NETWORK-TRAFFIC-2025,network,supported,2,SCH0194,,SCH0195
R1D0246,DS-P17713-MULTIMEDIA-NETWORK-TRAFFIC-2025,temporal,not_documented,2,,,SCH0194 | SCH0195
R1D0247,DS-P17815-ENCRYPTED-DNS,client,supported,2,SCH0465,,SCH0466
R1D0248,DS-P17815-ENCRYPTED-DNS,network,supported,2,SCH0465,,SCH0466
R1D0249,DS-P17815-ENCRYPTED-DNS,temporal,supported,2,SCH0465 | SCH0466,,
R1D0250,DS-P17818-FLOWPRINT-BROWSER-SELF-COLLECTED,client,documented_no_support,2,,SCH0115 | SCH0202,
R1D0251,DS-P17818-FLOWPRINT-BROWSER-SELF-COLLECTED,network,not_documented,2,,,SCH0115 | SCH0202
R1D0252,DS-P17818-FLOWPRINT-BROWSER-SELF-COLLECTED,temporal,not_documented,2,,,SCH0115 | SCH0202
R1D0253,DS-P17818-FLOWPRINT-CROSS-PLATFORM-RECAPTURE-2020,client,not_documented,1,,,SCH0198
R1D0254,DS-P17818-FLOWPRINT-CROSS-PLATFORM-RECAPTURE-2020,network,not_documented,1,,,SCH0198
R1D0255,DS-P17818-FLOWPRINT-CROSS-PLATFORM-RECAPTURE-2020,temporal,not_documented,1,,,SCH0198
R1D0256,DS-P17951-OPENSKY-2020,client,not_documented,4,,,SCH0210 | SCH0211 | SCH0212 | SCH0213
R1D0257,DS-P17951-OPENSKY-2020,network,not_documented,4,,,SCH0210 | SCH0211 | SCH0212 | SCH0213
R1D0258,DS-P17951-OPENSKY-2020,temporal,supported,4,SCH0210 | SCH0212 | SCH0213,,SCH0211
R1D0259,DS-P18011-HUMAN100,client,not_documented,1,,,SCH0214
R1D0260,DS-P18011-HUMAN100,network,not_documented,1,,,SCH0214
R1D0261,DS-P18011-HUMAN100,temporal,not_documented,1,,,SCH0214
R1D0262,DS-P18011-IUA,client,not_documented,2,,,SCH0215 | SCH0216
R1D0263,DS-P18011-IUA,network,not_documented,2,,SCH0216,SCH0215
R1D0264,DS-P18011-IUA,temporal,not_documented,2,,,SCH0215 | SCH0216
R1D0265,DS-P18011-MONKEY500,client,not_documented,1,,,SCH0217
R1D0266,DS-P18011-MONKEY500,network,documented_no_support,1,,SCH0217,
R1D0267,DS-P18011-MONKEY500,temporal,not_documented,1,,,SCH0217
R1D0268,DS-P18222-ENTERPRISE-2017-2021,client,not_documented,1,,,SCH0218
R1D0269,DS-P18222-ENTERPRISE-2017-2021,network,not_documented,1,,,SCH0218
R1D0270,DS-P18222-ENTERPRISE-2017-2021,temporal,supported,1,SCH0218,,
R1D0271,DS-P18348-IOT-ID,client,documented_no_support,1,,SCH0219,
R1D0272,DS-P18348-IOT-ID,network,supported,1,SCH0219,,
R1D0273,DS-P18348-IOT-ID,temporal,supported,1,SCH0219,,
R1D0274,DS-P18385-IOT-LIGHT,client,not_documented,1,,,SCH0221
R1D0275,DS-P18385-IOT-LIGHT,network,not_documented,1,,,SCH0221
R1D0276,DS-P18385-IOT-LIGHT,temporal,not_documented,1,,,SCH0221
R1D0277,DS-P18385-MINESHARK-2023,client,not_documented,1,,,SCH0222
R1D0278,DS-P18385-MINESHARK-2023,network,documented_no_support,1,,SCH0222,
R1D0279,DS-P18385-MINESHARK-2023,temporal,not_documented,1,,,SCH0222
R1D0280,DS-P38868-CATO-CAMPUS-APP-TRAFFIC,client,not_documented,1,,,SCH0470
R1D0281,DS-P38868-CATO-CAMPUS-APP-TRAFFIC,network,documented_no_support,1,,SCH0470,
R1D0282,DS-P38868-CATO-CAMPUS-APP-TRAFFIC,temporal,documented_no_support,1,,SCH0470,
R1D0283,DS-P39015-ENCMAL2021,client,not_documented,2,,,SCH0471 | SCH0474
R1D0284,DS-P39015-ENCMAL2021,network,not_documented,2,,SCH0471,SCH0474
R1D0285,DS-P39015-ENCMAL2021,temporal,not_documented,2,,,SCH0471 | SCH0474
R1D0286,DS-P39132-PROTOCOL-WF,client,documented_no_support,4,,SCH0479 | SCH0480 | SCH0481 | SCH0482,
R1D0287,DS-P39132-PROTOCOL-WF,network,not_documented,4,,,SCH0479 | SCH0480 | SCH0481 | SCH0482
R1D0288,DS-P39132-PROTOCOL-WF,temporal,not_documented,4,,,SCH0479 | SCH0480 | SCH0481 | SCH0482
R1D0289,DS-P39403-IXP-BLACKHOLE-2019-2021,client,not_documented,1,,,SCH0250
R1D0290,DS-P39403-IXP-BLACKHOLE-2019-2021,network,supported,1,SCH0250,,
R1D0291,DS-P39403-IXP-BLACKHOLE-2019-2021,temporal,supported,1,SCH0250,,
R1D0292,DS-P39497-GGFAST-TRACE-A,client,not_documented,1,,,SCH0254
R1D0293,DS-P39497-GGFAST-TRACE-A,network,documented_no_support,1,,SCH0254,
R1D0294,DS-P39497-GGFAST-TRACE-A,temporal,documented_no_support,1,,SCH0254,
R1D0295,DS-P39497-GGFAST-TRACE-B,client,not_documented,1,,,SCH0256
R1D0296,DS-P39497-GGFAST-TRACE-B,network,documented_no_support,1,,SCH0256,
R1D0297,DS-P39497-GGFAST-TRACE-B,temporal,documented_no_support,1,,SCH0256,
R1D0298,DS-P39497-GGFAST-TRACE-C,client,not_documented,1,,,SCH0483
R1D0299,DS-P39497-GGFAST-TRACE-C,network,documented_no_support,1,,SCH0483,
R1D0300,DS-P39497-GGFAST-TRACE-C,temporal,not_documented,1,,,SCH0483
R1D0301,DS-P39497-GGFAST-TRACE-D,client,not_documented,1,,,SCH0257
R1D0302,DS-P39497-GGFAST-TRACE-D,network,documented_no_support,1,,SCH0257,
R1D0303,DS-P39497-GGFAST-TRACE-D,temporal,not_documented,1,,,SCH0257
R1D0304,DS-P39497-GGFAST-TRACE-E,client,not_documented,1,,,SCH0253
R1D0305,DS-P39497-GGFAST-TRACE-E,network,documented_no_support,1,,SCH0253,
R1D0306,DS-P39497-GGFAST-TRACE-E,temporal,documented_no_support,1,,SCH0253,
R1D0307,DS-P39497-GGFAST-TRACE-G,client,not_documented,1,,,SCH0255
R1D0308,DS-P39497-GGFAST-TRACE-G,network,documented_no_support,1,,SCH0255,
R1D0309,DS-P39497-GGFAST-TRACE-G,temporal,documented_no_support,1,,SCH0255,
R1D0310,DS-P40493-HP-OWF,client,not_documented,3,,SCH0266 | SCH0267,SCH0265
R1D0311,DS-P40493-HP-OWF,network,not_documented,3,,SCH0265 | SCH0266,SCH0267
R1D0312,DS-P40493-HP-OWF,temporal,not_documented,3,,SCH0266 | SCH0267,SCH0265
R1D0313,DS-P40572-RADWARE-BOT-2018-2019,client,not_documented,1,,,SCH0268
R1D0314,DS-P40572-RADWARE-BOT-2018-2019,network,not_documented,1,,,SCH0268
R1D0315,DS-P40572-RADWARE-BOT-2018-2019,temporal,supported,1,SCH0268,,
R1D0316,DS-P42020-OWL-PUBLIC-WIFI-2019,client,not_documented,2,,SCH0282,SCH0283
R1D0317,DS-P42020-OWL-PUBLIC-WIFI-2019,network,not_documented,2,,,SCH0282 | SCH0283
R1D0318,DS-P42020-OWL-PUBLIC-WIFI-2019,temporal,not_documented,2,,,SCH0282 | SCH0283
R1D0319,DS-P42427-FOAP-AUTO,client,not_documented,3,,SCH0284 | SCH0285,SCH0191
R1D0320,DS-P42427-FOAP-AUTO,network,not_documented,3,,,SCH0191 | SCH0284 | SCH0285
R1D0321,DS-P42427-FOAP-AUTO,temporal,not_documented,3,,,SCH0191 | SCH0284 | SCH0285
R1D0322,DS-P42427-FOAP-HUMAN,client,not_documented,2,,,SCH0286 | SCH0287
R1D0323,DS-P42427-FOAP-HUMAN,network,not_documented,2,,,SCH0286 | SCH0287
R1D0324,DS-P42427-FOAP-HUMAN,temporal,not_documented,2,,,SCH0286 | SCH0287
R1D0325,DS-P42485-LUMOS,client,not_documented,2,,SCH0291,SCH0292
R1D0326,DS-P42485-LUMOS,network,supported,2,SCH0291 | SCH0292,,
R1D0327,DS-P42485-LUMOS,temporal,not_documented,2,,,SCH0291 | SCH0292
R1D0328,DS-P42512-ONLINE-WF,client,not_documented,3,,SCH0293,SCH0294 | SCH0295
R1D0329,DS-P42512-ONLINE-WF,network,not_documented,3,,,SCH0293 | SCH0294 | SCH0295
R1D0330,DS-P42512-ONLINE-WF,temporal,not_documented,3,,SCH0294 | SCH0295,SCH0293
R1D0331,DS-P42516-MERIT-DEPLOYMENT,client,documented_no_support,1,,SCH0296,
R1D0332,DS-P42516-MERIT-DEPLOYMENT,network,documented_no_support,1,,SCH0296,
R1D0333,DS-P42516-MERIT-DEPLOYMENT,temporal,supported,1,SCH0296,,
R1D0334,DS-P42624-WTW-AMAZON,client,not_documented,2,,,SCH0310 | SCH0315
R1D0335,DS-P42624-WTW-AMAZON,network,not_documented,2,,,SCH0310 | SCH0315
R1D0336,DS-P42624-WTW-AMAZON,temporal,not_documented,2,,,SCH0310 | SCH0315
R1D0337,DS-P42624-WTW-AMAZONDT,client,not_documented,1,,,SCH0313
R1D0338,DS-P42624-WTW-AMAZONDT,network,not_documented,1,,,SCH0313
R1D0339,DS-P42624-WTW-AMAZONDT,temporal,not_documented,1,,,SCH0313
R1D0340,DS-P42624-WTW-NETFLIX,client,not_documented,2,,,SCH0304 | SCH0311
R1D0341,DS-P42624-WTW-NETFLIX,network,not_documented,2,,,SCH0304 | SCH0311
R1D0342,DS-P42624-WTW-NETFLIX,temporal,not_documented,2,,,SCH0304 | SCH0311
R1D0343,DS-P42624-WTW-NETFLIXDT,client,not_documented,1,,,SCH0303
R1D0344,DS-P42624-WTW-NETFLIXDT,network,not_documented,1,,,SCH0303
R1D0345,DS-P42624-WTW-NETFLIXDT,temporal,not_documented,1,,,SCH0303
R1D0346,DS-P42624-WTW-YOUTUBE100,client,not_documented,3,,,SCH0299 | SCH0302 | SCH0312
R1D0347,DS-P42624-WTW-YOUTUBE100,network,supported,3,SCH0302 | SCH0312,SCH0299,
R1D0348,DS-P42624-WTW-YOUTUBE100,temporal,not_documented,3,,,SCH0299 | SCH0302 | SCH0312
R1D0349,DS-P42624-WTW-YOUTUBE200,client,not_documented,1,,,SCH0300
R1D0350,DS-P42624-WTW-YOUTUBE200,network,documented_no_support,1,,SCH0300,
R1D0351,DS-P42624-WTW-YOUTUBE200,temporal,not_documented,1,,,SCH0300
R1D0352,DS-P42624-WTW-YOUTUBECA,client,not_documented,1,,,SCH0308
R1D0353,DS-P42624-WTW-YOUTUBECA,network,not_documented,1,,,SCH0308
R1D0354,DS-P42624-WTW-YOUTUBECA,temporal,not_documented,1,,,SCH0308
R1D0355,DS-P42690-INPUT-AGNOSTIC-KWS-2021,client,documented_no_support,1,,SCH0486,
R1D0356,DS-P42690-INPUT-AGNOSTIC-KWS-2021,network,not_documented,1,,,SCH0486
R1D0357,DS-P42690-INPUT-AGNOSTIC-KWS-2021,temporal,documented_no_support,1,,SCH0486,
R1D0358,DS-P42690-INPUT-AGNOSTIC-SWF-2020,client,documented_no_support,1,,SCH0319,
R1D0359,DS-P42690-INPUT-AGNOSTIC-SWF-2020,network,not_documented,1,,,SCH0319
R1D0360,DS-P42690-INPUT-AGNOSTIC-SWF-2020,temporal,documented_no_support,1,,SCH0319,
R1D0361,DS-P42933-LBNL-SSH,client,not_documented,2,,,SCH0320 | SCH0321
R1D0362,DS-P42933-LBNL-SSH,network,not_documented,2,,SCH0320,SCH0321
R1D0363,DS-P42933-LBNL-SSH,temporal,supported,2,SCH0320 | SCH0321,,
R1D0364,DS-P42933-LBNL-TELNET,client,not_documented,1,,,SCH0322
R1D0365,DS-P42933-LBNL-TELNET,network,not_documented,1,,,SCH0322
R1D0366,DS-P42933-LBNL-TELNET,temporal,supported,1,SCH0322,,
R1D0367,DS-P43001-ROSETTA-APPLICATION,client,not_documented,1,,,SCH0488
R1D0368,DS-P43001-ROSETTA-APPLICATION,network,supported,1,SCH0488,,
R1D0369,DS-P43001-ROSETTA-APPLICATION,temporal,not_documented,1,,,SCH0488
R1D0370,DS-P43001-ROSETTA-WEBSITE,client,not_documented,1,,,SCH0489
R1D0371,DS-P43001-ROSETTA-WEBSITE,network,supported,1,SCH0489,,
R1D0372,DS-P43001-ROSETTA-WEBSITE,temporal,documented_no_support,1,,SCH0489,
R1D0373,DS-P43021-VA-FP,client,supported,5,SCH0327,SCH0323 | SCH0325 | SCH0326 | SCH0328,
R1D0374,DS-P43021-VA-FP,network,supported,5,SCH0327,SCH0323 | SCH0325 | SCH0326 | SCH0328,
R1D0375,DS-P43021-VA-FP,temporal,not_documented,5,,,SCH0323 | SCH0325 | SCH0326 | SCH0327 | SCH0328
R1D0376,DS-P43500-P43500-ALEXA-WSC-FG,client,documented_no_support,3,,SCH0333 | SCH0335 | SCH0337,
R1D0377,DS-P43500-P43500-ALEXA-WSC-FG,network,not_documented,3,,,SCH0333 | SCH0335 | SCH0337
R1D0378,DS-P43500-P43500-ALEXA-WSC-FG,temporal,not_documented,3,,,SCH0333 | SCH0335 | SCH0337
R1D0379,DS-P43500-P43500-ALEXA-WSC-HMM,client,documented_no_support,1,,SCH0332,
R1D0380,DS-P43500-P43500-ALEXA-WSC-HMM,network,not_documented,1,,,SCH0332
R1D0381,DS-P43500-P43500-ALEXA-WSC-HMM,temporal,not_documented,1,,,SCH0332
R1D0382,DS-P43500-P43500-TRANCO-WSC-FG,client,documented_no_support,1,,SCH0336,
R1D0383,DS-P43500-P43500-TRANCO-WSC-FG,network,not_documented,1,,,SCH0336
R1D0384,DS-P43500-P43500-TRANCO-WSC-FG,temporal,not_documented,1,,,SCH0336
R1D0385,DS-P43793-FBSAD,client,not_documented,2,,,SCH0340 | SCH0341
R1D0386,DS-P43793-FBSAD,network,not_documented,2,,,SCH0340 | SCH0341
R1D0387,DS-P43793-FBSAD,temporal,not_documented,2,,,SCH0340 | SCH0341
R1D0388,DS-P43793-LAB-VALIDATION,client,documented_no_support,2,,SCH0342 | SCH0343,
R1D0389,DS-P43793-LAB-VALIDATION,network,not_documented,2,,,SCH0342 | SCH0343
R1D0390,DS-P43793-LAB-VALIDATION,temporal,not_documented,2,,,SCH0342 | SCH0343
R1D0391,DS-P43793-MSAD,client,not_documented,1,,,SCH0344
R1D0392,DS-P43793-MSAD,network,not_documented,1,,,SCH0344
R1D0393,DS-P43793-MSAD,temporal,not_documented,1,,,SCH0344
R1D0394,DS-P43907-SMS-AIT,client,not_documented,2,,,SCH0345 | SCH0346
R1D0395,DS-P43907-SMS-AIT,network,not_documented,2,,,SCH0345 | SCH0346
R1D0396,DS-P43907-SMS-AIT,temporal,supported,2,SCH0345 | SCH0346,,
R1D0397,DS-P44828-INTRADOMAIN-WPF,client,supported,5,SCH0350,,SCH0349 | SCH0490 | SCH0491 | SCH0492
R1D0398,DS-P44828-INTRADOMAIN-WPF,network,not_documented,5,,,SCH0349 | SCH0350 | SCH0490 | SCH0491 | SCH0492
R1D0399,DS-P44828-INTRADOMAIN-WPF,temporal,supported,5,SCH0350,,SCH0349 | SCH0490 | SCH0491 | SCH0492
R1D0400,DS-P45721-APPSNIFFER,client,not_documented,1,,,SCH0356
R1D0401,DS-P45721-APPSNIFFER,network,documented_no_support,1,,SCH0356,
R1D0402,DS-P45721-APPSNIFFER,temporal,supported,1,SCH0356,,
R1D0403,DS-P45879-LOW-OVERHEAD-WF,client,supported,2,SCH0357 | SCH0358,,
R1D0404,DS-P45879-LOW-OVERHEAD-WF,network,not_documented,2,,,SCH0357 | SCH0358
R1D0405,DS-P45879-LOW-OVERHEAD-WF,temporal,not_documented,2,,,SCH0357 | SCH0358
R1D0406,DS-P46126-NETTRACK,client,documented_no_support,1,,SCH0359,
R1D0407,DS-P46126-NETTRACK,network,documented_no_support,1,,SCH0359,
R1D0408,DS-P46126-NETTRACK,temporal,not_documented,1,,,SCH0359
R1D0409,DS-P46215-SCANNERSCOPE,client,documented_no_support,2,,SCH0360 | SCH0361,
R1D0410,DS-P46215-SCANNERSCOPE,network,documented_no_support,2,,SCH0360 | SCH0361,
R1D0411,DS-P46215-SCANNERSCOPE,temporal,not_documented,2,,SCH0361,SCH0360
R1D0412,DS-P46267-TFE-GNN-WWT,client,not_documented,3,,,SCH0363 | SCH0364 | SCH0367
R1D0413,DS-P46267-TFE-GNN-WWT,network,not_documented,3,,,SCH0363 | SCH0364 | SCH0367
R1D0414,DS-P46267-TFE-GNN-WWT,temporal,not_documented,3,,,SCH0363 | SCH0364 | SCH0367
R1D0415,DS-P46522-CF-2022-2023,client,not_documented,6,,,SCH0376 | SCH0377 | SCH0378 | SCH0380 | SCH0382 | SCH0385
R1D0416,DS-P46522-CF-2022-2023,network,not_documented,6,,,SCH0376 | SCH0377 | SCH0378 | SCH0380 | SCH0382 | SCH0385
R1D0417,DS-P46522-CF-2022-2023,temporal,not_documented,6,,,SCH0376 | SCH0377 | SCH0378 | SCH0380 | SCH0382 | SCH0385
R1D0418,DS-P47353-DECETT,client,not_documented,1,,,SCH0399
R1D0419,DS-P47353-DECETT,network,documented_no_support,1,,SCH0399,
R1D0420,DS-P47353-DECETT,temporal,not_documented,1,,,SCH0399
R1D0421,DS-P47584-HOLMES-WATSON,client,supported,5,SCH0401,,SCH0400 | SCH0402 | SCH0403 | SCH0404
R1D0422,DS-P47584-HOLMES-WATSON,network,not_documented,5,,SCH0401,SCH0400 | SCH0402 | SCH0403 | SCH0404
R1D0423,DS-P47584-HOLMES-WATSON,temporal,supported,5,SCH0401,SCH0400,SCH0402 | SCH0403 | SCH0404
R1D0424,DS-P48170-NOMOATS,client,supported,2,SCH0405 | SCH0406,,
R1D0425,DS-P48170-NOMOATS,network,not_documented,2,,,SCH0405 | SCH0406
R1D0426,DS-P48170-NOMOATS,temporal,not_documented,2,,,SCH0405 | SCH0406
R1D0427,DS-P48246-GANDALF,client,not_documented,1,,,SCH0416
R1D0428,DS-P48246-GANDALF,network,not_documented,1,,,SCH0416
R1D0429,DS-P48246-GANDALF,temporal,not_documented,1,,,SCH0416
R1D0430,DS-P48290-QUIC-TCP-WF-2021,client,documented_no_support,1,,SCH0417,
R1D0431,DS-P48290-QUIC-TCP-WF-2021,network,documented_no_support,1,,SCH0417,
R1D0432,DS-P48290-QUIC-TCP-WF-2021,temporal,not_documented,1,,,SCH0417
R1D0433,DS-P48305-HOMESNITCH-FLORIDA-2020,client,documented_no_support,7,,SCH0420 | SCH0421 | SCH0434 | SCH0437 | SCH0440 | SCH0443 | SCH0444,
R1D0434,DS-P48305-HOMESNITCH-FLORIDA-2020,network,documented_no_support,7,,SCH0420 | SCH0421 | SCH0434 | SCH0437 | SCH0440 | SCH0443 | SCH0444,
R1D0435,DS-P48305-HOMESNITCH-FLORIDA-2020,temporal,not_documented,7,,,SCH0420 | SCH0421 | SCH0434 | SCH0437 | SCH0440 | SCH0443 | SCH0444
R1D0436,DS-P48305-HOMESNITCH-FLORIDA-2021-RECAPTURE,client,documented_no_support,2,,SCH0423 | SCH0442,
R1D0437,DS-P48305-HOMESNITCH-FLORIDA-2021-RECAPTURE,network,not_documented,2,,,SCH0423 | SCH0442
R1D0438,DS-P48305-HOMESNITCH-FLORIDA-2021-RECAPTURE,temporal,not_documented,2,,,SCH0423 | SCH0442
R1D0439,DS-P48305-IOT-GENERALIZABILITY-OWN-NC-2020,client,documented_no_support,6,,SCH0424 | SCH0425 | SCH0430 | SCH0431 | SCH0432 | SCH0438,
R1D0440,DS-P48305-IOT-GENERALIZABILITY-OWN-NC-2020,network,documented_no_support,6,,SCH0424 | SCH0425 | SCH0430 | SCH0431 | SCH0432 | SCH0438,
R1D0441,DS-P48305-IOT-GENERALIZABILITY-OWN-NC-2020,temporal,not_documented,6,,,SCH0424 | SCH0425 | SCH0430 | SCH0431 | SCH0432 | SCH0438
R1D0442,DS-P48305-IOT-GENERALIZABILITY-OWN-NC-2021-RECAPTURE,client,documented_no_support,1,,SCH0419,
R1D0443,DS-P48305-IOT-GENERALIZABILITY-OWN-NC-2021-RECAPTURE,network,documented_no_support,1,,SCH0419,
R1D0444,DS-P48305-IOT-GENERALIZABILITY-OWN-NC-2021-RECAPTURE,temporal,not_documented,1,,,SCH0419
R1D0445,DS-P48443-EXPLAINWF-LIVE-TOR,client,not_documented,1,,,SCH0447
R1D0446,DS-P48443-EXPLAINWF-LIVE-TOR,network,not_documented,1,,,SCH0447
R1D0447,DS-P48443-EXPLAINWF-LIVE-TOR,temporal,not_documented,1,,,SCH0447
R1D0448,DS-P48443-EXPLAINWF-SHADOW,client,documented_no_support,1,,SCH0446,
R1D0449,DS-P48443-EXPLAINWF-SHADOW,network,documented_no_support,1,,SCH0446,
R1D0450,DS-P48443-EXPLAINWF-SHADOW,temporal,documented_no_support,1,,SCH0446,
R1D0451,DS-P48659-LONGENOUGH,client,documented_no_support,1,,SCH0448,
R1D0452,DS-P48659-LONGENOUGH,network,documented_no_support,1,,SCH0448,
R1D0453,DS-P48659-LONGENOUGH,temporal,not_documented,1,,,SCH0448
R1D0454,DS-P48723-TEX-2022,client,supported,1,SCH0449,,
R1D0455,DS-P48723-TEX-2022,network,documented_no_support,1,,SCH0449,
R1D0456,DS-P48723-TEX-2022,temporal,documented_no_support,1,,SCH0449,
R1D0457,DS-P48723-TEX-2023,client,documented_no_support,1,,SCH0450,
R1D0458,DS-P48723-TEX-2023,network,not_documented,1,,,SCH0450
R1D0459,DS-P48723-TEX-2023,temporal,documented_no_support,1,,SCH0450,
R1D0460,DS-PEERRUSH,client,not_documented,3,,SCH0238 | SCH0260,SCH0209
R1D0461,DS-PEERRUSH,network,not_documented,3,,,SCH0209 | SCH0238 | SCH0260
R1D0462,DS-PEERRUSH,temporal,not_documented,3,,,SCH0209 | SCH0238 | SCH0260
R1D0463,DS-PINGPONG-IOT,client,documented_no_support,1,,SCH0439,
R1D0464,DS-PINGPONG-IOT,network,documented_no_support,1,,SCH0439,
R1D0465,DS-PINGPONG-IOT,temporal,not_documented,1,,,SCH0439
R1D0466,DS-QUIC-2019,client,not_documented,1,,,SCH0008
R1D0467,DS-QUIC-2019,network,not_documented,1,,,SCH0008
R1D0468,DS-QUIC-2019,temporal,not_documented,1,,,SCH0008
R1D0469,DS-RECON-APPVERSIONS,client,not_documented,2,,,SCH0196 | SCH0203
R1D0470,DS-RECON-APPVERSIONS,network,not_documented,2,,,SCH0196 | SCH0203
R1D0471,DS-RECON-APPVERSIONS,temporal,not_documented,2,,,SCH0196 | SCH0203
R1D0472,DS-SHAME-ALEXA-2021,client,documented_no_support,1,,SCH0070,
R1D0473,DS-SHAME-ALEXA-2021,network,not_documented,1,,,SCH0070
R1D0474,DS-SHAME-ALEXA-2021,temporal,not_documented,1,,,SCH0070
R1D0475,DS-SIVANATHAN-IOT-2018,client,not_documented,3,,SCH0241 | SCH0426,SCH0234
R1D0476,DS-SIVANATHAN-IOT-2018,network,not_documented,3,,SCH0241 | SCH0426,SCH0234
R1D0477,DS-SIVANATHAN-IOT-2018,temporal,not_documented,3,,,SCH0234 | SCH0241 | SCH0426
R1D0478,DS-SJTU-AN21,client,not_documented,1,,,SCH0371
R1D0479,DS-SJTU-AN21,network,not_documented,1,,,SCH0371
R1D0480,DS-SJTU-AN21,temporal,not_documented,1,,,SCH0371
R1D0481,DS-STRATOSPHERE-IOT-MALWARE-NETML,client,not_documented,1,,,SCH0085
R1D0482,DS-STRATOSPHERE-IOT-MALWARE-NETML,network,not_documented,1,,,SCH0085
R1D0483,DS-STRATOSPHERE-IOT-MALWARE-NETML,temporal,not_documented,1,,,SCH0085
R1D0484,DS-STREAMING-VIDEO-PROVIDERS-BRONZINO-2019,client,not_documented,1,,,SCH0083
R1D0485,DS-STREAMING-VIDEO-PROVIDERS-BRONZINO-2019,network,documented_no_support,1,,SCH0083,
R1D0486,DS-STREAMING-VIDEO-PROVIDERS-BRONZINO-2019,temporal,not_documented,1,,,SCH0083
R1D0487,DS-TII-SSRC-23,client,documented_no_support,1,,SCH0339,
R1D0488,DS-TII-SSRC-23,network,documented_no_support,1,,SCH0339,
R1D0489,DS-TII-SSRC-23,temporal,documented_no_support,1,,SCH0339,
R1D0490,DS-TIKTOK-LIVE-WALKIE-TALKIE-2019,client,not_documented,2,,,SCH0331 | SCH0408
R1D0491,DS-TIKTOK-LIVE-WALKIE-TALKIE-2019,network,not_documented,2,,,SCH0331 | SCH0408
R1D0492,DS-TIKTOK-LIVE-WALKIE-TALKIE-2019,temporal,not_documented,2,,,SCH0331 | SCH0408
R1D0493,DS-TON-IOT,client,not_documented,1,,,SCH0387
R1D0494,DS-TON-IOT,network,documented_no_support,1,,SCH0387,
R1D0495,DS-TON-IOT,temporal,not_documented,1,,,SCH0387
R1D0496,DS-UAV-ACTIVITY-LABAYEN-2020,client,not_documented,1,,,SCH0317
R1D0497,DS-UAV-ACTIVITY-LABAYEN-2020,network,not_documented,1,,,SCH0317
R1D0498,DS-UAV-ACTIVITY-LABAYEN-2020,temporal,not_documented,1,,,SCH0317
R1D0499,DS-UNSW-NB15,client,not_documented,8,,,SCH0018 | SCH0032 | SCH0033 | SCH0034 | SCH0035 | SCH0133 | SCH0229 | SCH0239
R1D0500,DS-UNSW-NB15,network,documented_no_support,8,,SCH0018 | SCH0032 | SCH0033 | SCH0034 | SCH0035 | SCH0133 | SCH0229 | SCH0239,
R1D0501,DS-UNSW-NB15,temporal,not_documented,8,,,SCH0018 | SCH0032 | SCH0033 | SCH0034 | SCH0035 | SCH0133 | SCH0229 | SCH0239
R1D0502,DS-USTC-TFC-2016,client,not_documented,9,,,SCH0006 | SCH0232 | SCH0244 | SCH0261 | SCH0277 | SCH0355 | SCH0369 | SCH0396 | SCH0398
R1D0503,DS-USTC-TFC-2016,network,not_documented,9,,,SCH0006 | SCH0232 | SCH0244 | SCH0261 | SCH0277 | SCH0355 | SCH0369 | SCH0396 | SCH0398
R1D0504,DS-USTC-TFC-2016,temporal,not_documented,9,,,SCH0006 | SCH0232 | SCH0244 | SCH0261 | SCH0277 | SCH0355 | SCH0369 | SCH0396 | SCH0398
R1D0505,DS-WALSH-VIDEO-2024,client,not_documented,4,,,SCH0451 | SCH0452 | SCH0494 | SCH0495
R1D0506,DS-WALSH-VIDEO-2024,network,supported,4,SCH0451 | SCH0452 | SCH0494,SCH0495,
R1D0507,DS-WALSH-VIDEO-2024,temporal,not_documented,4,,,SCH0451 | SCH0452 | SCH0494 | SCH0495
R1D0508,DS-WANG-WF-2014,client,not_documented,5,,,SCH0135 | SCH0138 | SCH0275 | SCH0383 | SCH0410
R1D0509,DS-WANG-WF-2014,network,not_documented,5,,,SCH0135 | SCH0138 | SCH0275 | SCH0383 | SCH0410
R1D0510,DS-WANG-WF-2014,temporal,not_documented,5,,,SCH0135 | SCH0138 | SCH0275 | SCH0383 | SCH0410
R1D0511,DS-WHISPER-MALICIOUS-TRAFFIC,client,not_documented,2,,,SCH0108 | SCH0158
R1D0512,DS-WHISPER-MALICIOUS-TRAFFIC,network,not_documented,2,,,SCH0108 | SCH0158
R1D0513,DS-WHISPER-MALICIOUS-TRAFFIC,temporal,not_documented,2,,,SCH0108 | SCH0158
R1D0514,DS-YOURTHINGS-2019,client,documented_no_support,7,,SCH0418 | SCH0422 | SCH0427 | SCH0428 | SCH0433 | SCH0435 | SCH0441,
R1D0515,DS-YOURTHINGS-2019,network,documented_no_support,7,,SCH0418 | SCH0422 | SCH0427 | SCH0428 | SCH0433 | SCH0435 | SCH0441,
R1D0516,DS-YOURTHINGS-2019,temporal,not_documented,7,,,SCH0418 | SCH0422 | SCH0427 | SCH0428 | SCH0433 | SCH0435 | SCH0441
