rq2_paper_summary_id,paper_id,dimension,outcome,evaluation_count,holdout_design_ids,documented_no_holdout_design_ids,not_documented_design_ids
R2P0001,P05927,client,documented_no_holdout,1,,DES0001,
R2P0002,P05927,network,documented_no_holdout,1,,DES0001,
R2P0003,P05927,temporal,documented_no_holdout,1,,DES0001,
R2P0004,P07480,client,not_documented,5,,,DES0239 | DES0240 | DES0241 | DES0242 | DES0243
R2P0005,P07480,network,not_documented,5,,,DES0239 | DES0240 | DES0241 | DES0242 | DES0243
R2P0006,P07480,temporal,not_documented,5,,,DES0239 | DES0240 | DES0241 | DES0242 | DES0243
R2P0007,P11328,client,not_documented,4,,,DES0002 | DES0003 | DES0004 | DES0005
R2P0008,P11328,network,not_documented,4,,,DES0002 | DES0003 | DES0004 | DES0005
R2P0009,P11328,temporal,not_documented,4,,,DES0002 | DES0003 | DES0004 | DES0005
R2P0010,P12361,client,documented_no_holdout,8,,DES0006 | DES0007 | DES0008 | DES0009 | DES0010 | DES0011 | DES0012 | DES0013,
R2P0011,P12361,network,documented_no_holdout,8,,DES0006 | DES0007 | DES0008 | DES0009 | DES0010 | DES0011 | DES0012 | DES0013,
R2P0012,P12361,temporal,documented_no_holdout,8,,DES0006 | DES0007 | DES0008 | DES0009 | DES0010 | DES0011 | DES0012 | DES0013,
R2P0013,P12435,client,not_documented,5,,DES0246 | DES0247,DES0244 | DES0245 | DES0248
R2P0014,P12435,network,not_documented,5,,,DES0244 | DES0245 | DES0246 | DES0247 | DES0248
R2P0015,P12435,temporal,not_documented,5,,,DES0244 | DES0245 | DES0246 | DES0247 | DES0248
R2P0016,P13076,client,documented_no_holdout,5,,DES0249 | DES0250 | DES0251 | DES0252 | DES0253,
R2P0017,P13076,network,documented_no_holdout,5,,DES0249 | DES0250 | DES0251 | DES0252 | DES0253,
R2P0018,P13076,temporal,documented_no_holdout,5,,DES0249 | DES0250 | DES0251 | DES0252 | DES0253,
R2P0019,P13883,client,documented_no_holdout,1,,DES0254,
R2P0020,P13883,network,documented_no_holdout,1,,DES0254,
R2P0021,P13883,temporal,documented_no_holdout,1,,DES0254,
R2P0022,P13937,client,documented_no_holdout,4,,DES0014 | DES0015 | DES0016 | DES0017,
R2P0023,P13937,network,documented_no_holdout,4,,DES0014 | DES0015 | DES0016 | DES0017,
R2P0024,P13937,temporal,documented_no_holdout,4,,DES0014 | DES0015 | DES0016 | DES0017,
R2P0025,P13958,client,documented_no_holdout,2,,DES0255 | DES0256,
R2P0026,P13958,network,documented_no_holdout,2,,DES0255 | DES0256,
R2P0027,P13958,temporal,documented_no_holdout,2,,DES0255 | DES0256,
R2P0028,P14000,client,not_documented,6,,,DES0257 | DES0258 | DES0259 | DES0260 | DES0261 | DES0262
R2P0029,P14000,network,not_documented,6,,,DES0257 | DES0258 | DES0259 | DES0260 | DES0261 | DES0262
R2P0030,P14000,temporal,not_documented,6,,,DES0257 | DES0258 | DES0259 | DES0260 | DES0261 | DES0262
R2P0031,P14188,client,not_documented,4,,DES0263 | DES0265,DES0264 | DES0266
R2P0032,P14188,network,not_documented,4,,DES0265 | DES0266,DES0263 | DES0264
R2P0033,P14188,temporal,not_documented,4,,DES0265 | DES0266,DES0263 | DES0264
R2P0034,P14255,client,documented_no_holdout,1,,DES0267,
R2P0035,P14255,network,documented_no_holdout,1,,DES0267,
R2P0036,P14255,temporal,documented_no_holdout,1,,DES0267,
R2P0037,P14374,client,documented_holdout,16,DES0275,DES0268 | DES0269 | DES0270 | DES0271 | DES0272 | DES0273 | DES0274 | DES0276 | DES0277 | DES0278 | DES0279 | DES0280 | DES0281 | DES0282 | DES0283,
R2P0038,P14374,network,documented_no_holdout,16,,DES0268 | DES0269 | DES0270 | DES0271 | DES0272 | DES0273 | DES0274 | DES0275 | DES0276 | DES0277 | DES0278 | DES0279 | DES0280 | DES0281 | DES0282 | DES0283,
R2P0039,P14374,temporal,documented_no_holdout,16,,DES0268 | DES0269 | DES0270 | DES0271 | DES0272 | DES0273 | DES0274 | DES0275 | DES0276 | DES0277 | DES0278 | DES0279 | DES0280 | DES0281 | DES0282 | DES0283,
R2P0040,P14413,client,not_documented,3,,,DES0284 | DES0285 | DES0286
R2P0041,P14413,network,not_documented,3,,,DES0284 | DES0285 | DES0286
R2P0042,P14413,temporal,documented_holdout,3,DES0286,,DES0284 | DES0285
R2P0043,P14441,client,documented_no_holdout,2,,DES0018 | DES0019,
R2P0044,P14441,network,documented_no_holdout,2,,DES0018 | DES0019,
R2P0045,P14441,temporal,documented_no_holdout,2,,DES0018 | DES0019,
R2P0046,P14774,client,documented_no_holdout,10,,DES0287 | DES0288 | DES0290 | DES0291 | DES0292 | DES0293 | DES0294 | DES0295 | DES0296 | DES0297,
R2P0047,P14774,network,documented_no_holdout,10,,DES0287 | DES0288 | DES0290 | DES0291 | DES0292 | DES0293 | DES0294 | DES0295 | DES0296 | DES0297,
R2P0048,P14774,temporal,documented_no_holdout,10,,DES0287 | DES0288 | DES0290 | DES0291 | DES0292 | DES0293 | DES0294 | DES0295 | DES0296 | DES0297,
R2P0049,P14955,client,documented_no_holdout,3,,DES0020 | DES0021 | DES0022,
R2P0050,P14955,network,documented_no_holdout,3,,DES0020 | DES0021 | DES0022,
R2P0051,P14955,temporal,documented_holdout,3,DES0022,DES0020 | DES0021,
R2P0052,P15385,client,documented_no_holdout,7,,DES0298 | DES0299 | DES0300 | DES0301 | DES0302 | DES0303 | DES0304,
R2P0053,P15385,network,documented_no_holdout,7,,DES0298 | DES0299 | DES0300 | DES0301 | DES0302 | DES0303 | DES0304,
R2P0054,P15385,temporal,documented_no_holdout,7,,DES0298 | DES0299 | DES0300 | DES0301 | DES0302 | DES0303 | DES0304,
R2P0055,P15558,client,not_documented,13,,DES0023 | DES0024 | DES0025 | DES0027 | DES0028 | DES0029 | DES0030 | DES0031 | DES0032 | DES0033 | DES0034 | DES0035,DES0026
R2P0056,P15558,network,documented_holdout,13,DES0026,DES0023 | DES0024 | DES0025 | DES0027 | DES0028 | DES0029 | DES0030 | DES0031 | DES0032 | DES0033 | DES0034 | DES0035,
R2P0057,P15558,temporal,not_documented,13,,DES0023 | DES0024 | DES0025 | DES0027 | DES0028 | DES0029 | DES0030 | DES0031 | DES0032 | DES0033 | DES0034 | DES0035,DES0026
R2P0058,P15762,client,not_documented,2,,,DES0305 | DES0306
R2P0059,P15762,network,documented_no_holdout,2,,DES0305 | DES0306,
R2P0060,P15762,temporal,not_documented,2,,,DES0305 | DES0306
R2P0061,P16004,client,not_documented,3,,,DES0036 | DES0037 | DES0038
R2P0062,P16004,network,documented_no_holdout,3,,DES0036 | DES0037 | DES0038,
R2P0063,P16004,temporal,documented_holdout,3,DES0036 | DES0037 | DES0038,,
R2P0064,P16071,client,documented_no_holdout,6,,DES0039 | DES0040 | DES0041 | DES0042 | DES0043 | DES0044,
R2P0065,P16071,network,documented_no_holdout,6,,DES0039 | DES0040 | DES0041 | DES0042 | DES0043 | DES0044,
R2P0066,P16071,temporal,documented_no_holdout,6,,DES0039 | DES0040 | DES0041 | DES0042 | DES0043 | DES0044,
R2P0067,P16192,client,documented_no_holdout,9,,DES0045 | DES0046 | DES0047 | DES0048 | DES0049 | DES0050 | DES0051 | DES0052 | DES0053,
R2P0068,P16192,network,documented_no_holdout,9,,DES0045 | DES0046 | DES0047 | DES0048 | DES0049 | DES0050 | DES0051 | DES0052 | DES0053,
R2P0069,P16192,temporal,documented_holdout,9,DES0045 | DES0046 | DES0047 | DES0048 | DES0049 | DES0050 | DES0051 | DES0052 | DES0053,,
R2P0070,P16208,client,not_documented,13,,DES0054 | DES0056 | DES0057 | DES0058 | DES0060 | DES0062 | DES0065,DES0055 | DES0059 | DES0061 | DES0063 | DES0064 | DES0066
R2P0071,P16208,network,not_documented,13,,DES0054 | DES0056 | DES0057 | DES0058 | DES0060 | DES0062 | DES0065,DES0055 | DES0059 | DES0061 | DES0063 | DES0064 | DES0066
R2P0072,P16208,temporal,not_documented,13,,DES0054 | DES0056 | DES0057 | DES0058 | DES0060 | DES0062 | DES0065,DES0055 | DES0059 | DES0061 | DES0063 | DES0064 | DES0066
R2P0073,P16217,client,documented_no_holdout,5,,DES0307 | DES0308 | DES0309 | DES0310 | DES0311,
R2P0074,P16217,network,not_documented,5,,DES0307 | DES0308 | DES0309 | DES0310,DES0311
R2P0075,P16217,temporal,documented_no_holdout,5,,DES0307 | DES0308 | DES0309 | DES0310 | DES0311,
R2P0076,P16247,client,documented_holdout,14,DES0312 | DES0325,DES0184 | DES0185 | DES0186 | DES0315 | DES0316 | DES0317 | DES0318 | DES0322 | DES0323 | DES0324,DES0319 | DES0321
R2P0077,P16247,network,documented_holdout,14,DES0325,DES0184 | DES0185 | DES0186 | DES0312 | DES0315 | DES0316 | DES0317 | DES0318 | DES0319 | DES0321 | DES0322 | DES0323 | DES0324,
R2P0078,P16247,temporal,documented_no_holdout,14,,DES0184 | DES0185 | DES0186 | DES0312 | DES0315 | DES0316 | DES0317 | DES0318 | DES0319 | DES0321 | DES0322 | DES0323 | DES0324 | DES0325,
R2P0079,P16248,client,documented_no_holdout,15,,DES0067 | DES0068 | DES0069 | DES0070 | DES0071 | DES0072 | DES0073 | DES0074 | DES0075 | DES0076 | DES0077 | DES0078 | DES0079 | DES0080 | DES0081,
R2P0080,P16248,network,documented_no_holdout,15,,DES0067 | DES0068 | DES0069 | DES0070 | DES0071 | DES0072 | DES0073 | DES0074 | DES0075 | DES0076 | DES0077 | DES0078 | DES0079 | DES0080 | DES0081,
R2P0081,P16248,temporal,documented_no_holdout,15,,DES0067 | DES0068 | DES0069 | DES0070 | DES0071 | DES0072 | DES0073 | DES0074 | DES0075 | DES0076 | DES0077 | DES0078 | DES0079 | DES0080 | DES0081,
R2P0082,P16354,client,not_documented,1,,,DES0326
R2P0083,P16354,network,documented_no_holdout,1,,DES0326,
R2P0084,P16354,temporal,documented_no_holdout,1,,DES0326,
R2P0085,P16398,client,documented_no_holdout,2,,DES0082 | DES0083,
R2P0086,P16398,network,documented_holdout,2,DES0082,DES0083,
R2P0087,P16398,temporal,documented_no_holdout,2,,DES0082 | DES0083,
R2P0088,P16406,client,not_documented,17,,DES0090 | DES0095,DES0084 | DES0085 | DES0086 | DES0087 | DES0088 | DES0089 | DES0091 | DES0092 | DES0093 | DES0094 | DES0096 | DES0097 | DES0098 | DES0099 | DES0100
R2P0089,P16406,network,not_documented,17,,DES0092,DES0084 | DES0085 | DES0086 | DES0087 | DES0088 | DES0089 | DES0090 | DES0091 | DES0093 | DES0094 | DES0095 | DES0096 | DES0097 | DES0098 | DES0099 | DES0100
R2P0090,P16406,temporal,not_documented,17,,DES0088 | DES0089 | DES0090 | DES0091 | DES0092 | DES0093 | DES0094 | DES0095 | DES0096 | DES0097 | DES0098 | DES0099 | DES0100,DES0084 | DES0085 | DES0086 | DES0087
R2P0091,P16418,client,documented_no_holdout,6,,DES0101 | DES0102 | DES0103 | DES0104 | DES0105 | DES0106,
R2P0092,P16418,network,documented_no_holdout,6,,DES0101 | DES0102 | DES0103 | DES0104 | DES0105 | DES0106,
R2P0093,P16418,temporal,documented_holdout,6,DES0101 | DES0102 | DES0103 | DES0104 | DES0105 | DES0106,,
R2P0094,P16931,client,documented_no_holdout,4,,DES0187 | DES0188 | DES0189 | DES0190,
R2P0095,P16931,network,documented_no_holdout,4,,DES0187 | DES0188 | DES0189 | DES0190,
R2P0096,P16931,temporal,documented_no_holdout,4,,DES0187 | DES0188 | DES0189 | DES0190,
R2P0097,P17056,client,not_documented,2,,DES0332,DES0331
R2P0098,P17056,network,documented_no_holdout,2,,DES0331 | DES0332,
R2P0099,P17056,temporal,documented_holdout,2,DES0332,,DES0331
R2P0100,P17148,client,not_documented,2,,DES0108,DES0107
R2P0101,P17148,network,not_documented,2,,DES0108,DES0107
R2P0102,P17148,temporal,documented_holdout,2,DES0108,,DES0107
R2P0103,P17269,client,not_documented,6,,DES0333 | DES0334 | DES0335 | DES0336,DES0109 | DES0110
R2P0104,P17269,network,documented_no_holdout,6,,DES0109 | DES0110 | DES0333 | DES0334 | DES0335 | DES0336,
R2P0105,P17269,temporal,documented_no_holdout,6,,DES0109 | DES0110 | DES0333 | DES0334 | DES0335 | DES0336,
R2P0106,P17290,client,documented_no_holdout,3,,DES0191 | DES0192 | DES0193,
R2P0107,P17290,network,documented_holdout,3,DES0192,DES0191 | DES0193,
R2P0108,P17290,temporal,documented_holdout,3,DES0193,DES0192,DES0191
R2P0109,P17323,client,not_documented,3,,,DES0341 | DES0342 | DES0343
R2P0110,P17323,network,not_documented,3,,,DES0341 | DES0342 | DES0343
R2P0111,P17323,temporal,not_documented,3,,,DES0341 | DES0342 | DES0343
R2P0112,P17610,client,documented_holdout,8,DES0198 | DES0199 | DES0200 | DES0201,DES0194 | DES0195 | DES0196 | DES0197,
R2P0113,P17610,network,documented_holdout,8,DES0198 | DES0199 | DES0200 | DES0201,DES0194 | DES0195 | DES0196 | DES0197,
R2P0114,P17610,temporal,documented_no_holdout,8,,DES0194 | DES0195 | DES0196 | DES0197 | DES0198 | DES0199 | DES0200 | DES0201,
R2P0115,P17713,client,not_documented,3,,,DES0346 | DES0347 | DES0348
R2P0116,P17713,network,documented_holdout,3,DES0348,,DES0346 | DES0347
R2P0117,P17713,temporal,not_documented,3,,DES0348,DES0346 | DES0347
R2P0118,P17815,client,documented_holdout,3,DES0204,DES0202 | DES0203,
R2P0119,P17815,network,documented_holdout,3,DES0204,DES0202 | DES0203,
R2P0120,P17815,temporal,documented_holdout,3,DES0203,DES0202 | DES0204,
R2P0121,P17818,client,documented_holdout,8,DES0360,DES0352 | DES0353 | DES0354 | DES0355 | DES0357 | DES0358 | DES0359,
R2P0122,P17818,network,documented_no_holdout,8,,DES0352 | DES0353 | DES0354 | DES0355 | DES0357 | DES0358 | DES0359 | DES0360,
R2P0123,P17818,temporal,documented_holdout,8,DES0360,DES0352 | DES0353 | DES0354 | DES0355 | DES0357 | DES0358 | DES0359,
R2P0124,P17899,client,documented_no_holdout,4,,DES0111 | DES0112 | DES0113 | DES0114,
R2P0125,P17899,network,documented_no_holdout,4,,DES0111 | DES0112 | DES0113 | DES0114,
R2P0126,P17899,temporal,documented_no_holdout,4,,DES0111 | DES0112 | DES0113 | DES0114,
R2P0127,P17951,client,documented_no_holdout,4,,DES0115 | DES0116 | DES0117 | DES0118,
R2P0128,P17951,network,documented_no_holdout,4,,DES0115 | DES0116 | DES0117 | DES0118,
R2P0129,P17951,temporal,documented_no_holdout,4,,DES0115 | DES0116 | DES0117 | DES0118,
R2P0130,P18011,client,documented_holdout,8,DES0124,DES0119 | DES0120 | DES0121 | DES0122 | DES0123 | DES0125 | DES0126,
R2P0131,P18011,network,documented_no_holdout,8,,DES0119 | DES0120 | DES0121 | DES0122 | DES0123 | DES0124 | DES0125 | DES0126,
R2P0132,P18011,temporal,documented_no_holdout,8,,DES0119 | DES0120 | DES0121 | DES0122 | DES0123 | DES0124 | DES0125 | DES0126,
R2P0133,P18222,client,documented_no_holdout,4,,DES0127 | DES0205 | DES0206 | DES0207,
R2P0134,P18222,network,documented_no_holdout,4,,DES0127 | DES0205 | DES0206 | DES0207,
R2P0135,P18222,temporal,documented_holdout,4,DES0127 | DES0205 | DES0206 | DES0207,,
R2P0136,P18348,client,documented_holdout,14,DES0369,DES0361 | DES0362 | DES0363 | DES0364 | DES0365 | DES0366 | DES0367 | DES0368 | DES0370 | DES0371 | DES0372 | DES0373 | DES0374,
R2P0137,P18348,network,documented_holdout,14,DES0369,DES0361 | DES0362 | DES0363 | DES0364 | DES0365 | DES0366 | DES0367 | DES0368 | DES0370 | DES0371 | DES0372 | DES0373 | DES0374,
R2P0138,P18348,temporal,documented_holdout,14,DES0364 | DES0365 | DES0366 | DES0367 | DES0371 | DES0372 | DES0373 | DES0374,DES0368 | DES0369 | DES0370,DES0361 | DES0362 | DES0363
R2P0139,P18385,client,documented_no_holdout,5,,DES0128 | DES0129 | DES0130 | DES0131 | DES0132,
R2P0140,P18385,network,documented_no_holdout,5,,DES0128 | DES0129 | DES0130 | DES0131 | DES0132,
R2P0141,P18385,temporal,documented_no_holdout,5,,DES0128 | DES0129 | DES0130 | DES0131 | DES0132,
R2P0142,P26148,client,documented_no_holdout,7,,DES0133 | DES0134 | DES0135 | DES0136 | DES0137 | DES0138 | DES0139,
R2P0143,P26148,network,documented_no_holdout,7,,DES0133 | DES0134 | DES0135 | DES0136 | DES0137 | DES0138 | DES0139,
R2P0144,P26148,temporal,documented_no_holdout,7,,DES0133 | DES0134 | DES0135 | DES0136 | DES0137 | DES0138 | DES0139,
R2P0145,P35345,client,not_documented,4,,DES0376,DES0375 | DES0377 | DES0378
R2P0146,P35345,network,not_documented,4,,,DES0375 | DES0376 | DES0377 | DES0378
R2P0147,P35345,temporal,not_documented,4,,,DES0375 | DES0376 | DES0377 | DES0378
R2P0148,P38630,client,documented_no_holdout,1,,DES0380,
R2P0149,P38630,network,documented_no_holdout,1,,DES0380,
R2P0150,P38630,temporal,documented_no_holdout,1,,DES0380,
R2P0151,P38761,client,not_documented,4,,,DES0381 | DES0382 | DES0383 | DES0384
R2P0152,P38761,network,not_documented,4,,DES0383 | DES0384,DES0381 | DES0382
R2P0153,P38761,temporal,not_documented,4,,DES0383,DES0381 | DES0382 | DES0384
R2P0154,P38798,client,not_documented,2,,,DES0385 | DES0386
R2P0155,P38798,network,not_documented,2,,,DES0385 | DES0386
R2P0156,P38798,temporal,not_documented,2,,,DES0385 | DES0386
R2P0157,P38868,client,documented_no_holdout,2,,DES0208 | DES0388,
R2P0158,P38868,network,documented_no_holdout,2,,DES0208 | DES0388,
R2P0159,P38868,temporal,documented_no_holdout,2,,DES0208 | DES0388,
R2P0160,P39009,client,not_documented,1,,,DES0389
R2P0161,P39009,network,not_documented,1,,,DES0389
R2P0162,P39009,temporal,not_documented,1,,,DES0389
R2P0163,P39015,client,documented_no_holdout,4,,DES0209 | DES0210 | DES0211 | DES0212,
R2P0164,P39015,network,documented_no_holdout,4,,DES0209 | DES0210 | DES0211 | DES0212,
R2P0165,P39015,temporal,documented_no_holdout,4,,DES0209 | DES0210 | DES0211 | DES0212,
R2P0166,P39064,client,documented_no_holdout,6,,DES0392 | DES0393 | DES0394 | DES0395 | DES0396 | DES0397,
R2P0167,P39064,network,documented_no_holdout,6,,DES0392 | DES0393 | DES0394 | DES0395 | DES0396 | DES0397,
R2P0168,P39064,temporal,documented_no_holdout,6,,DES0392 | DES0393 | DES0394 | DES0395 | DES0396 | DES0397,
R2P0169,P39111,client,documented_no_holdout,2,,DES0213 | DES0214,
R2P0170,P39111,network,documented_no_holdout,2,,DES0213 | DES0214,
R2P0171,P39111,temporal,documented_no_holdout,2,,DES0213 | DES0214,
R2P0172,P39132,client,documented_no_holdout,8,,DES0215 | DES0216 | DES0217 | DES0218 | DES0219 | DES0220 | DES0221 | DES0222,
R2P0173,P39132,network,documented_no_holdout,8,,DES0215 | DES0216 | DES0217 | DES0218 | DES0219 | DES0220 | DES0221 | DES0222,
R2P0174,P39132,temporal,documented_no_holdout,8,,DES0215 | DES0216 | DES0217 | DES0218 | DES0219 | DES0220 | DES0221 | DES0222,
R2P0175,P39155,client,not_documented,0,,,
R2P0176,P39155,network,not_documented,0,,,
R2P0177,P39155,temporal,not_documented,0,,,
R2P0178,P39169,client,not_documented,0,,,
R2P0179,P39169,network,not_documented,0,,,
R2P0180,P39169,temporal,not_documented,0,,,
R2P0181,P39403,client,documented_no_holdout,4,,DES0140 | DES0141 | DES0142 | DES0143,
R2P0182,P39403,network,documented_holdout,4,DES0140,DES0141 | DES0142 | DES0143,
R2P0183,P39403,temporal,documented_holdout,4,DES0141 | DES0143,DES0140 | DES0142,
R2P0184,P39497,client,documented_no_holdout,8,,DES0223 | DES0406 | DES0407 | DES0408 | DES0409 | DES0410 | DES0411 | DES0412,
R2P0185,P39497,network,documented_no_holdout,8,,DES0223 | DES0406 | DES0407 | DES0408 | DES0409 | DES0410 | DES0411 | DES0412,
R2P0186,P39497,temporal,documented_no_holdout,8,,DES0223 | DES0406 | DES0407 | DES0408 | DES0409 | DES0410 | DES0411 | DES0412,
R2P0187,P39771,client,documented_no_holdout,3,,DES0413 | DES0414 | DES0415,
R2P0188,P39771,network,documented_no_holdout,3,,DES0413 | DES0414 | DES0415,
R2P0189,P39771,temporal,documented_no_holdout,3,,DES0413 | DES0414 | DES0415,
R2P0190,P39804,client,documented_no_holdout,8,,DES0224 | DES0225 | DES0226 | DES0419 | DES0420 | DES0421 | DES0423 | DES0425,
R2P0191,P39804,network,documented_no_holdout,8,,DES0224 | DES0225 | DES0226 | DES0419 | DES0420 | DES0421 | DES0423 | DES0425,
R2P0192,P39804,temporal,documented_no_holdout,8,,DES0224 | DES0225 | DES0226 | DES0419 | DES0420 | DES0421 | DES0423 | DES0425,
R2P0193,P40493,client,documented_no_holdout,3,,DES0427 | DES0428 | DES0429,
R2P0194,P40493,network,documented_no_holdout,3,,DES0427 | DES0428 | DES0429,
R2P0195,P40493,temporal,documented_no_holdout,3,,DES0427 | DES0428 | DES0429,
R2P0196,P40572,client,documented_no_holdout,3,,DES0144 | DES0145 | DES0146,
R2P0197,P40572,network,documented_no_holdout,3,,DES0144 | DES0145 | DES0146,
R2P0198,P40572,temporal,documented_holdout,3,DES0144 | DES0145 | DES0146,,
R2P0199,P41311,client,documented_no_holdout,4,,DES0147 | DES0148 | DES0149 | DES0150,
R2P0200,P41311,network,documented_no_holdout,4,,DES0147 | DES0148 | DES0149 | DES0150,
R2P0201,P41311,temporal,documented_no_holdout,4,,DES0147 | DES0148 | DES0149 | DES0150,
R2P0202,P41557,client,not_documented,3,,,DES0430 | DES0431 | DES0432
R2P0203,P41557,network,not_documented,3,,,DES0430 | DES0431 | DES0432
R2P0204,P41557,temporal,not_documented,3,,,DES0430 | DES0431 | DES0432
R2P0205,P41709,client,not_documented,1,,,DES0151
R2P0206,P41709,network,not_documented,1,,,DES0151
R2P0207,P41709,temporal,not_documented,1,,,DES0151
R2P0208,P41766,client,not_documented,6,,DES0435 | DES0436 | DES0439,DES0227 | DES0438 | DES0440
R2P0209,P41766,network,not_documented,6,,DES0435 | DES0438,DES0227 | DES0436 | DES0439 | DES0440
R2P0210,P41766,temporal,not_documented,6,,,DES0227 | DES0435 | DES0436 | DES0438 | DES0439 | DES0440
R2P0211,P42020,client,not_documented,2,,,DES0441 | DES0442
R2P0212,P42020,network,documented_no_holdout,2,,DES0441 | DES0442,
R2P0213,P42020,temporal,documented_no_holdout,2,,DES0441 | DES0442,
R2P0214,P42427,client,documented_holdout,6,DES0156 | DES0157,DES0152 | DES0153,DES0154 | DES0155
R2P0215,P42427,network,not_documented,6,,DES0152 | DES0153 | DES0157,DES0154 | DES0155 | DES0156
R2P0216,P42427,temporal,not_documented,6,,DES0152 | DES0153 | DES0156,DES0154 | DES0155 | DES0157
R2P0217,P42485,client,not_documented,2,,DES0444,DES0443
R2P0218,P42485,network,documented_holdout,2,DES0443,DES0444,
R2P0219,P42485,temporal,documented_no_holdout,2,,DES0443 | DES0444,
R2P0220,P42512,client,not_documented,3,,DES0447,DES0445 | DES0446
R2P0221,P42512,network,documented_no_holdout,3,,DES0445 | DES0446 | DES0447,
R2P0222,P42512,temporal,not_documented,3,,DES0447,DES0445 | DES0446
R2P0223,P42516,client,not_documented,1,,,DES0158
R2P0224,P42516,network,documented_no_holdout,1,,DES0158,
R2P0225,P42516,temporal,not_documented,1,,,DES0158
R2P0226,P42624,client,not_documented,8,,DES0448 | DES0449 | DES0450 | DES0451 | DES0453 | DES0454 | DES0455,DES0452
R2P0227,P42624,network,documented_holdout,8,DES0452 | DES0453,DES0448 | DES0449 | DES0450 | DES0451 | DES0454 | DES0455,
R2P0228,P42624,temporal,documented_no_holdout,8,,DES0448 | DES0449 | DES0450 | DES0451 | DES0452 | DES0453 | DES0454 | DES0455,
R2P0229,P42690,client,documented_no_holdout,6,,DES0228 | DES0456 | DES0457 | DES0459 | DES0460 | DES0461,
R2P0230,P42690,network,documented_no_holdout,6,,DES0228 | DES0456 | DES0457 | DES0459 | DES0460 | DES0461,
R2P0231,P42690,temporal,documented_no_holdout,6,,DES0228 | DES0456 | DES0457 | DES0459 | DES0460 | DES0461,
R2P0232,P42933,client,documented_no_holdout,5,,DES0159 | DES0160 | DES0161 | DES0162 | DES0163,
R2P0233,P42933,network,documented_no_holdout,5,,DES0159 | DES0160 | DES0161 | DES0162 | DES0163,
R2P0234,P42933,temporal,documented_holdout,5,DES0159 | DES0160 | DES0161 | DES0162 | DES0163,,
R2P0235,P43001,client,documented_no_holdout,3,,DES0229 | DES0230 | DES0231,
R2P0236,P43001,network,documented_holdout,3,DES0229 | DES0230,DES0231,
R2P0237,P43001,temporal,documented_no_holdout,3,,DES0229 | DES0230 | DES0231,
R2P0238,P43021,client,documented_holdout,8,DES0470,DES0464 | DES0465 | DES0466 | DES0467 | DES0468 | DES0469 | DES0471,
R2P0239,P43021,network,documented_holdout,8,DES0470,DES0464 | DES0465 | DES0466 | DES0467 | DES0468 | DES0469 | DES0471,
R2P0240,P43021,temporal,not_documented,8,,DES0470 | DES0471,DES0464 | DES0465 | DES0466 | DES0467 | DES0468 | DES0469
R2P0241,P43026,client,not_documented,7,,DES0474 | DES0475 | DES0476 | DES0477,DES0472 | DES0473 | DES0478
R2P0242,P43026,network,not_documented,7,,DES0472 | DES0473 | DES0474 | DES0475 | DES0476 | DES0478,DES0477
R2P0243,P43026,temporal,not_documented,7,,DES0474 | DES0475 | DES0476 | DES0477,DES0472 | DES0473 | DES0478
R2P0244,P43500,client,documented_no_holdout,4,,DES0479 | DES0480 | DES0481 | DES0482,
R2P0245,P43500,network,documented_no_holdout,4,,DES0479 | DES0480 | DES0481 | DES0482,
R2P0246,P43500,temporal,documented_no_holdout,4,,DES0479 | DES0480 | DES0481 | DES0482,
R2P0247,P43680,client,documented_no_holdout,2,,DES0164 | DES0165,
R2P0248,P43680,network,documented_no_holdout,2,,DES0164 | DES0165,
R2P0249,P43680,temporal,documented_no_holdout,2,,DES0164 | DES0165,
R2P0250,P43793,client,documented_holdout,5,DES0167 | DES0168 | DES0170,DES0166 | DES0169,
R2P0251,P43793,network,documented_holdout,5,DES0167 | DES0168 | DES0170,DES0166 | DES0169,
R2P0252,P43793,temporal,not_documented,5,,DES0166 | DES0169,DES0167 | DES0168 | DES0170
R2P0253,P43907,client,documented_no_holdout,2,,DES0171 | DES0172,
R2P0254,P43907,network,documented_no_holdout,2,,DES0171 | DES0172,
R2P0255,P43907,temporal,documented_holdout,2,DES0171 | DES0172,,
R2P0256,P44356,client,not_documented,4,,DES0483 | DES0484 | DES0485,DES0486
R2P0257,P44356,network,not_documented,4,,DES0483 | DES0485 | DES0486,DES0484
R2P0258,P44356,temporal,not_documented,4,,DES0483 | DES0485,DES0484 | DES0486
R2P0259,P44828,client,not_documented,5,,DES0232 | DES0233 | DES0234 | DES0490,DES0491
R2P0260,P44828,network,not_documented,5,,DES0232 | DES0233 | DES0234 | DES0490,DES0491
R2P0261,P44828,temporal,documented_no_holdout,5,,DES0232 | DES0233 | DES0234 | DES0490 | DES0491,
R2P0262,P45261,client,documented_no_holdout,6,,DES0235 | DES0492 | DES0494 | DES0495 | DES0496 | DES0497,
R2P0263,P45261,network,documented_no_holdout,6,,DES0235 | DES0492 | DES0494 | DES0495 | DES0496 | DES0497,
R2P0264,P45261,temporal,documented_no_holdout,6,,DES0235 | DES0492 | DES0494 | DES0495 | DES0496 | DES0497,
R2P0265,P45721,client,documented_no_holdout,4,,DES0498 | DES0499 | DES0500 | DES0501,
R2P0266,P45721,network,documented_no_holdout,4,,DES0498 | DES0499 | DES0500 | DES0501,
R2P0267,P45721,temporal,documented_holdout,4,DES0498 | DES0499 | DES0500,DES0501,
R2P0268,P45879,client,documented_no_holdout,2,,DES0502 | DES0503,
R2P0269,P45879,network,documented_no_holdout,2,,DES0502 | DES0503,
R2P0270,P45879,temporal,not_documented,2,,,DES0502 | DES0503
R2P0271,P46126,client,documented_no_holdout,1,,DES0173,
R2P0272,P46126,network,documented_no_holdout,1,,DES0173,
R2P0273,P46126,temporal,documented_no_holdout,1,,DES0173,
R2P0274,P46215,client,not_documented,4,,DES0174 | DES0175 | DES0177,DES0176
R2P0275,P46215,network,documented_no_holdout,4,,DES0174 | DES0175 | DES0176 | DES0177,
R2P0276,P46215,temporal,not_documented,4,,,DES0174 | DES0175 | DES0176 | DES0177
R2P0277,P46267,client,documented_no_holdout,7,,DES0504 | DES0505 | DES0506 | DES0507 | DES0508 | DES0509 | DES0510,
R2P0278,P46267,network,documented_no_holdout,7,,DES0504 | DES0505 | DES0506 | DES0507 | DES0508 | DES0509 | DES0510,
R2P0279,P46267,temporal,documented_no_holdout,7,,DES0504 | DES0505 | DES0506 | DES0507 | DES0508 | DES0509 | DES0510,
R2P0280,P46427,client,not_documented,5,,,DES0511 | DES0512 | DES0513 | DES0514 | DES0515
R2P0281,P46427,network,not_documented,5,,DES0512 | DES0513,DES0511 | DES0514 | DES0515
R2P0282,P46427,temporal,not_documented,5,,DES0511,DES0512 | DES0513 | DES0514 | DES0515
R2P0283,P46522,client,documented_no_holdout,7,,DES0516 | DES0517 | DES0518 | DES0519 | DES0520 | DES0521 | DES0522,
R2P0284,P46522,network,documented_no_holdout,7,,DES0516 | DES0517 | DES0518 | DES0519 | DES0520 | DES0521 | DES0522,
R2P0285,P46522,temporal,documented_no_holdout,7,,DES0516 | DES0517 | DES0518 | DES0519 | DES0520 | DES0521 | DES0522,
R2P0286,P46578,client,documented_no_holdout,2,,DES0523 | DES0524,
R2P0287,P46578,network,documented_no_holdout,2,,DES0523 | DES0524,
R2P0288,P46578,temporal,documented_no_holdout,2,,DES0523 | DES0524,
R2P0289,P47085,client,not_documented,10,,DES0529 | DES0534,DES0525 | DES0526 | DES0527 | DES0528 | DES0530 | DES0531 | DES0532 | DES0533
R2P0290,P47085,network,not_documented,10,,DES0534,DES0525 | DES0526 | DES0527 | DES0528 | DES0529 | DES0530 | DES0531 | DES0532 | DES0533
R2P0291,P47085,temporal,not_documented,10,,DES0531 | DES0534,DES0525 | DES0526 | DES0527 | DES0528 | DES0529 | DES0530 | DES0532 | DES0533
R2P0292,P47353,client,not_documented,6,,,DES0535 | DES0536 | DES0537 | DES0538 | DES0539 | DES0540
R2P0293,P47353,network,not_documented,6,,,DES0535 | DES0536 | DES0537 | DES0538 | DES0539 | DES0540
R2P0294,P47353,temporal,not_documented,6,,,DES0535 | DES0536 | DES0537 | DES0538 | DES0539 | DES0540
R2P0295,P47584,client,documented_holdout,12,DES0549 | DES0550,DES0541 | DES0542 | DES0543 | DES0544 | DES0545 | DES0546 | DES0547 | DES0548 | DES0551 | DES0552,
R2P0296,P47584,network,documented_no_holdout,12,,DES0541 | DES0542 | DES0543 | DES0544 | DES0545 | DES0546 | DES0547 | DES0548 | DES0549 | DES0550 | DES0551 | DES0552,
R2P0297,P47584,temporal,documented_holdout,12,DES0545 | DES0546,DES0541 | DES0542 | DES0543 | DES0544 | DES0547 | DES0548 | DES0549 | DES0550 | DES0551 | DES0552,
R2P0298,P48170,client,documented_no_holdout,2,,DES0178 | DES0179,
R2P0299,P48170,network,documented_no_holdout,2,,DES0178 | DES0179,
R2P0300,P48170,temporal,documented_no_holdout,2,,DES0178 | DES0179,
R2P0301,P48205,client,documented_no_holdout,4,,DES0553 | DES0554 | DES0555 | DES0556,
R2P0302,P48205,network,documented_no_holdout,4,,DES0553 | DES0554 | DES0555 | DES0556,
R2P0303,P48205,temporal,documented_no_holdout,4,,DES0553 | DES0554 | DES0555 | DES0556,
R2P0304,P48207,client,documented_no_holdout,4,,DES0557 | DES0558 | DES0559 | DES0560,
R2P0305,P48207,network,documented_no_holdout,4,,DES0557 | DES0558 | DES0559 | DES0560,
R2P0306,P48207,temporal,documented_no_holdout,4,,DES0557 | DES0558 | DES0559 | DES0560,
R2P0307,P48246,client,documented_no_holdout,3,,DES0561 | DES0562 | DES0563,
R2P0308,P48246,network,documented_no_holdout,3,,DES0561 | DES0562 | DES0563,
R2P0309,P48246,temporal,documented_no_holdout,3,,DES0561 | DES0562 | DES0563,
R2P0310,P48290,client,documented_no_holdout,2,,DES0564 | DES0565,
R2P0311,P48290,network,documented_no_holdout,2,,DES0564 | DES0565,
R2P0312,P48290,temporal,documented_no_holdout,2,,DES0564 | DES0565,
R2P0313,P48305,client,documented_holdout,22,DES0574 | DES0575 | DES0576 | DES0577 | DES0578 | DES0579 | DES0580 | DES0581 | DES0582 | DES0583 | DES0584 | DES0585,DES0566 | DES0567 | DES0568 | DES0569 | DES0570 | DES0571,DES0572 | DES0573 | DES0586 | DES0587
R2P0314,P48305,network,documented_holdout,22,DES0574 | DES0575 | DES0576 | DES0577 | DES0578 | DES0579 | DES0580 | DES0581 | DES0582 | DES0583 | DES0584 | DES0585,DES0566 | DES0567 | DES0568 | DES0569 | DES0570 | DES0571 | DES0572 | DES0573 | DES0586 | DES0587,
R2P0315,P48305,temporal,documented_holdout,22,DES0572 | DES0575 | DES0577 | DES0586,DES0566 | DES0567 | DES0568 | DES0569 | DES0570 | DES0571 | DES0573 | DES0574 | DES0576 | DES0578 | DES0579 | DES0580 | DES0581 | DES0582 | DES0583 | DES0584 | DES0585 | DES0587,
R2P0316,P48443,client,documented_holdout,7,DES0590 | DES0591 | DES0594,DES0588 | DES0589 | DES0592 | DES0593,
R2P0317,P48443,network,documented_no_holdout,7,,DES0588 | DES0589 | DES0590 | DES0591 | DES0592 | DES0593 | DES0594,
R2P0318,P48443,temporal,documented_no_holdout,7,,DES0588 | DES0589 | DES0590 | DES0591 | DES0592 | DES0593 | DES0594,
R2P0319,P48659,client,documented_no_holdout,3,,DES0595 | DES0596 | DES0597,
R2P0320,P48659,network,documented_no_holdout,3,,DES0595 | DES0596 | DES0597,
R2P0321,P48659,temporal,not_documented,3,,DES0595 | DES0596,DES0597
R2P0322,P48723,client,documented_holdout,4,DES0180 | DES0181,DES0182 | DES0183,
R2P0323,P48723,network,not_documented,4,,DES0180 | DES0181 | DES0182,DES0183
R2P0324,P48723,temporal,documented_holdout,4,DES0183,DES0180 | DES0181 | DES0182,
R2P0325,P48758,client,documented_no_holdout,6,,DES0236 | DES0237 | DES0238 | DES0599 | DES0601 | DES0603,
R2P0326,P48758,network,documented_holdout,6,DES0601 | DES0603,DES0237 | DES0238,DES0236 | DES0599
R2P0327,P48758,temporal,not_documented,6,,DES0237 | DES0238 | DES0601 | DES0603,DES0236 | DES0599
